,lexid,first_name,last_name,ssn,dob,age,gender
0,0,James,Jones,153-80-6198,1996-09-26,27,Male
1,1,Michelle,Curry,739-79-0005,1960-05-05,63,Male
2,2,Barbara,Ortiz,243-81-8687,1980-01-28,43,Female
3,3,James,Lucero,646-97-0698,1964-06-04,59,Female
4,4,Cynthia,Prince,742-47-3309,1958-06-10,65,Female
5,5,Evan,Smith,680-94-4945,1955-02-07,68,Female
6,6,Gregory,Cook,053-79-8712,1946-06-15,77,Male
7,7,Thomas,Moore,488-99-0184,1961-03-20,62,Female
8,8,Lori,Phelps,751-04-1413,2005-09-05,18,Male
9,9,Heather,Smith,276-76-0255,1983-05-30,40,Male
10,10,Jacob,Hines,127-62-4953,2004-03-15,19,Male
11,11,Steve,Alvarez,398-39-2434,1957-03-17,66,Female
12,12,Jodi,Lang,101-38-6950,1981-05-02,42,Male
13,13,William,Powell,411-12-4001,2000-12-31,23,Female
14,14,Bernard,Roberts,029-15-6713,1958-12-02,65,Female
15,15,Wanda,Pham,352-70-0267,1943-11-17,80,Female
16,16,Brenda,Green,489-59-5353,1987-04-21,36,Female
17,17,Christine,Parks,845-02-4830,1960-08-03,63,Female
18,18,Brian,Martin,770-29-8706,1997-08-05,26,Female
19,19,Crystal,Shelton,820-31-0191,1999-04-09,24,Male
20,20,Richard,Jarvis,083-51-0041,1957-08-02,66,Male
21,21,Sarah,Sanchez,044-37-8882,1986-02-21,37,Female
22,22,Cody,Sanders,171-94-5083,1981-09-17,42,Male
23,23,Jason,Johnson,663-07-0052,1986-11-30,37,Female
24,24,Shannon,Jenkins,541-93-5541,1951-06-15,72,Male
25,25,Kathy,Barton,309-01-0851,1970-03-20,53,Female
26,26,Charles,Mccall,146-26-8774,1998-01-08,25,Male
27,27,Derek,Fischer,055-54-9197,1994-07-19,29,Female
28,28,Christina,Juarez,515-81-8329,1978-03-16,45,Male
29,29,Michael,Richardson,561-05-3791,1995-06-11,28,Male
30,30,Samantha,Horn,577-15-7851,1965-03-03,58,Female
31,31,Anna,Hampton,629-55-0759,2004-10-23,19,Male
32,32,Tim,Odom,556-31-3290,2009-01-07,14,Female
33,33,Renee,Bartlett,529-57-6344,1941-09-22,82,Male
34,34,Kathy,Tate,836-50-3934,1966-05-19,57,Male
35,35,Michael,Gonzales,674-51-1205,2005-09-07,18,Male
36,36,John,Fitzpatrick,414-39-3149,1943-10-02,80,Male
37,37,Jeff,Vance,316-66-0946,2003-09-22,20,Female
38,38,Joel,Lee,742-99-4515,2006-03-26,17,Male
39,39,Travis,Quinn,106-77-0535,1974-10-10,49,Male
40,40,Jennifer,Brown,163-50-1099,2008-07-12,15,Male
41,41,Tammy,Stewart,177-46-8342,1968-10-03,55,Female
42,42,Michelle,Carter,492-94-2762,1945-06-25,78,Female
43,43,Tyrone,Henderson,377-96-8893,1986-12-19,37,Male
44,44,Ronald,Merritt,496-69-6755,1946-05-11,77,Male
45,45,Alexandra,Henderson,154-44-3247,2002-08-12,21,Male
46,46,Jacob,Maldonado,853-67-2084,1966-12-14,57,Male
47,47,Christopher,Adams,126-72-7950,1981-09-29,42,Female
48,48,Aaron,Glenn,498-39-5148,1982-10-06,41,Female
49,49,William,Chavez,798-27-9763,1997-11-12,26,Male
50,50,Tom,Tran,203-76-8797,1983-07-09,40,Female
51,51,Roger,Humphrey,107-16-5591,2006-04-21,17,Female
52,52,Christopher,Bean,655-42-2600,1967-02-20,56,Male
53,53,Seth,Johnson,224-82-2914,1960-05-11,63,Female
54,54,Brittney,Ward,077-53-1265,2008-04-09,15,Male
55,55,Elizabeth,Moore,496-65-2864,1968-08-27,55,Female
56,56,Amanda,Williams,507-40-3971,1992-01-29,31,Female
57,57,Michael,Davis,528-77-1308,1957-07-21,66,Female
58,58,Amy,Berg,181-28-6489,1986-07-28,37,Male
59,59,Eileen,Frazier,176-03-4552,1967-04-12,56,Female
60,60,Isaac,Whitaker,644-55-9868,1991-12-19,32,Female
61,61,April,Stokes,513-11-6039,1951-07-16,72,Male
62,62,Jennifer,Glover,698-77-5392,1979-11-28,44,Female
63,63,Stephanie,Howell,113-69-2710,2006-07-11,17,Male
64,64,Ricardo,Wong,667-77-9493,1941-08-25,82,Male
65,65,Allen,Medina,108-71-9508,1947-06-09,76,Female
66,66,Latoya,Morrison,423-62-4203,1996-08-30,27,Female
67,67,Donald,Keith,703-18-4384,1945-07-17,78,Male
68,68,Nicole,Hart,073-02-4995,1953-09-12,70,Female
69,69,Michael,Thompson,378-94-6693,1981-07-07,42,Female
70,70,Bruce,Hunt,877-16-6145,1963-04-24,60,Female
71,71,Shawn,Miller,220-33-6252,1947-07-19,76,Male
72,72,Theodore,Padilla,002-99-4312,2006-06-04,17,Male
73,73,Jessica,Rodriguez,521-62-8077,1994-11-11,29,Male
74,74,Catherine,Vasquez,337-77-5422,1967-08-20,56,Male
75,75,Michael,Gomez,719-19-7315,1945-12-05,78,Male
76,76,Robert,Morris,269-82-6313,1990-08-09,33,Female
77,77,Christopher,Alvarez,144-05-3573,1947-12-10,76,Male
78,78,Tiffany,Simon,194-25-1232,1979-08-04,44,Female
79,79,Diana,Garcia,259-30-6852,2002-06-16,21,Male
80,80,Brian,Martin,721-65-4578,1993-04-20,30,Male
81,81,Kurt,Baker,136-20-4536,1968-12-23,55,Female
82,82,Jimmy,Gonzalez,211-86-7107,1943-10-24,80,Female
83,83,Andrew,Johnson,508-31-6805,1951-02-18,72,Female
84,84,Theresa,Keith,009-04-4357,1982-07-03,41,Female
85,85,Vanessa,Gonzalez,656-05-6666,1992-09-01,31,Male
86,86,Dana,Weber,463-33-8862,1978-07-17,45,Male
87,87,Frank,Young,173-60-1683,1941-09-18,82,Male
88,88,Carolyn,Mcconnell,448-73-6266,1994-02-07,29,Male
89,89,Nicole,Brown,804-53-1502,1982-06-06,41,Male
90,90,Brent,Woodward,236-13-5880,1991-05-18,32,Male
91,91,Randall,Miller,089-31-8900,1955-09-08,68,Female
92,92,Teresa,Powell,063-79-0920,1985-09-18,38,Male
93,93,Barbara,Hammond,386-27-4256,1981-07-12,42,Female
94,94,Paul,Carson,162-28-5063,1974-11-25,49,Male
95,95,Rachael,Kennedy,771-84-2657,1982-08-16,41,Male
96,96,Ana,Pham,085-68-7928,1949-04-22,74,Male
97,97,Annette,Smith,641-72-2015,1981-02-18,42,Female
98,98,Tamara,Tyler,721-99-1179,2000-10-26,23,Male
99,99,Andrew,Cooper,806-38-6697,2007-08-07,16,Male
100,100,Kathryn,Patton,607-77-7521,1966-06-16,57,Male
101,101,David,Diaz,425-02-5480,1975-08-30,48,Male
102,102,Darius,Johnson,134-59-3147,1978-10-06,45,Female
103,103,Maxwell,Duarte,885-33-9659,1961-02-14,62,Female
104,104,Dylan,Duffy,609-62-5476,1999-09-19,24,Female
105,105,Susan,Wagner,843-07-2478,1978-05-28,45,Female
106,106,John,Webb,874-07-4217,2007-08-27,16,Male
107,107,Gregory,Parsons,170-11-2310,2003-06-18,20,Female
108,108,Debra,Turner,777-44-9781,1958-06-21,65,Male
109,109,Christopher,Turner,665-38-9655,1976-02-14,47,Female
110,110,Darryl,Murphy,838-97-7887,1975-08-16,48,Female
111,111,Joshua,Schroeder,271-60-0961,1985-06-30,38,Male
112,112,Karen,Cox,743-77-6985,1992-08-15,31,Female
113,113,Keith,Turner,453-96-1608,1949-06-15,74,Female
114,114,Jennifer,Ramos,550-92-1901,1978-05-17,45,Male
115,115,Brian,Juarez,145-29-0302,1980-10-30,43,Male
116,116,Jason,Holland,546-89-7184,1951-09-23,72,Male
117,117,Melissa,Sanchez,256-80-3441,1992-01-31,31,Female
118,118,John,Garza,852-12-7442,2004-12-21,19,Female
119,119,Julia,Guerrero,256-66-9240,1964-12-13,59,Male
120,120,David,Nunez,764-18-3244,1960-12-10,63,Male
121,121,Michael,Carter,635-25-5635,2008-06-24,15,Male
122,122,Robert,Jones,570-07-9183,1969-05-21,54,Female
123,123,Christopher,Jones,473-59-6115,1975-11-12,48,Female
124,124,Paul,Sparks,127-74-6622,1960-06-11,63,Male
125,125,Jeff,Gutierrez,172-96-7341,1981-05-30,42,Male
126,126,Nicholas,Daniels,079-26-1541,1973-11-15,50,Male
127,127,Benjamin,Carter,225-53-8432,1966-08-19,57,Female
128,128,Kathryn,Pace,812-54-4949,1961-03-17,62,Female
129,129,Mary,King,284-68-3738,2009-11-17,14,Female
130,130,Timothy,Gutierrez,116-11-2886,1995-11-16,28,Male
131,131,Daniel,Ellis,281-18-9169,1943-11-06,80,Female
132,132,Charles,Cooper,342-60-2806,1945-03-03,78,Male
133,133,Adrienne,Manning,262-09-7056,1967-01-26,56,Male
134,134,Jonathan,Lambert,566-95-1688,1947-01-28,76,Female
135,135,Connor,Johnson,494-65-7868,1977-09-11,46,Male
136,136,Sean,Gonzalez,354-42-1817,1952-01-05,71,Female
137,137,Marie,Browning,732-07-5242,1996-12-28,27,Female
138,138,Darrell,Munoz,277-72-7268,1985-01-17,38,Female
139,139,Isabella,Thomas,389-23-4816,1966-01-03,57,Male
140,140,Christian,Rodriguez,872-14-0214,1976-10-14,47,Male
141,141,Luis,Nguyen,605-21-5783,1970-12-04,53,Male
142,142,Yvonne,Bradshaw,335-52-9605,1949-03-30,74,Male
143,143,Kristen,Moody,664-35-6757,1987-05-29,36,Male
144,144,Christina,Hernandez,489-16-8856,1980-06-03,43,Male
145,145,Eric,Sparks,156-54-7252,1945-01-21,78,Female
146,146,Sarah,Burton,541-19-0341,1958-06-10,65,Female
147,147,Jonathan,Turner,410-47-5909,2008-05-19,15,Male
148,148,Lisa,Berger,813-05-4250,1991-04-06,32,Female
149,149,Jamie,Gallagher,123-35-1773,1945-03-17,78,Female
150,150,Joel,Brown,629-98-2307,1943-05-12,80,Male
151,151,Jane,Johnson,034-70-5957,1969-10-30,54,Female
152,152,Carlos,Estes,326-92-0738,1999-03-11,24,Male
153,153,Luis,Howard,268-87-8077,2004-02-26,19,Male
154,154,Michael,Chen,263-22-3748,1952-03-16,71,Male
155,155,Katherine,Ellis,045-30-7234,1981-05-21,42,Male
156,156,Sarah,Mckee,502-39-5173,2000-05-08,23,Male
157,157,Marie,Burke,271-75-5444,1999-08-03,24,Female
158,158,Christopher,Smith,668-76-1551,2009-11-12,14,Female
159,159,Thomas,Martin,537-44-8923,1984-01-08,39,Male
160,160,Jennifer,Velazquez,474-24-5728,1970-05-18,53,Male
161,161,Nina,Robinson,783-42-3353,1963-12-13,60,Female
162,162,Jessica,Pace,119-57-1987,2003-02-08,20,Male
163,163,Christopher,Gutierrez,882-17-8033,1967-01-26,56,Female
164,164,Maurice,Santiago,224-05-0169,1955-10-25,68,Male
165,165,Ian,Brewer,155-42-1373,1985-04-26,38,Male
166,166,Lisa,Flynn,726-20-8437,1986-12-20,37,Male
167,167,Lauren,Webb,391-55-8219,1982-12-11,41,Male
168,168,Connor,Diaz,772-64-4252,1996-09-28,27,Female
169,169,Robin,Miller,464-04-9297,1948-11-28,75,Male
170,170,Kevin,Lyons,564-20-1521,1977-01-22,46,Male
171,171,Ashley,Downs,688-70-4869,1978-12-20,45,Male
172,172,Marilyn,Lopez,618-49-5860,1968-11-23,55,Male
173,173,Christina,Beard,223-18-3942,2007-07-07,16,Male
174,174,Joel,Murphy,873-27-7036,1992-07-25,31,Female
175,175,Victoria,Watkins,827-48-5916,1984-11-19,39,Female
176,176,Ashley,Harris,616-95-8600,1977-01-19,46,Male
177,177,Allison,Thompson,683-23-5377,1967-11-27,56,Female
178,178,Kevin,Wilkerson,694-89-0134,1979-07-20,44,Male
179,179,Kristen,Sims,821-40-1189,1993-08-12,30,Female
180,180,Mark,Cooper,658-03-3475,1994-10-12,29,Female
181,181,Matthew,Knox,273-33-9505,2009-03-14,14,Male
182,182,Catherine,Graham,208-96-5654,1993-01-18,30,Male
183,183,Theresa,Aguirre,434-34-4491,2006-08-01,17,Male
184,184,Patrick,Delgado,617-55-4005,2006-06-07,17,Female
185,185,Anthony,Rivera,036-35-3940,1986-01-05,37,Male
186,186,Judy,Barrett,782-57-4175,1951-10-10,72,Female
187,187,Craig,Wood,173-59-6956,2000-07-16,23,Male
188,188,Tiffany,Curtis,414-14-1589,1991-06-25,32,Male
189,189,Mary,Smith,089-50-5201,1964-05-13,59,Female
190,190,Jennifer,Tanner,853-39-9692,1966-11-25,57,Female
191,191,Grant,Miller,591-74-2613,1955-04-30,68,Female
192,192,Alexandra,Leonard,362-91-2369,1979-11-14,44,Female
193,193,Jerry,Davis,061-86-1827,1966-07-21,57,Female
194,194,Anthony,Bolton,667-40-2029,1960-07-03,63,Male
195,195,Amanda,Bowen,827-58-1869,1946-09-08,77,Female
196,196,Jesse,Mcdonald,443-75-2982,2003-10-18,20,Female
197,197,Samuel,Wong,167-83-4820,1995-12-21,28,Female
198,198,Justin,Oneal,059-35-4340,1966-01-31,57,Female
199,199,Christina,Allen,086-73-8727,1986-06-05,37,Male
200,200,Francisco,Hunter,489-77-7510,1974-03-24,49,Male
201,201,Joshua,Garcia,125-82-4825,2009-11-11,14,Male
202,202,Anthony,Morales,699-82-7917,1951-02-24,72,Male
203,203,Roy,Baker,883-29-8074,1997-05-22,26,Male
204,204,Monique,Craig,451-58-5178,1987-05-05,36,Male
205,205,Charles,Soto,228-81-4000,2004-12-31,19,Male
206,206,Amanda,Bonilla,751-01-3054,1956-09-08,67,Male
207,207,Amber,Flores,226-66-2501,1968-07-18,55,Male
208,208,Carly,Young,175-50-4102,1996-05-03,27,Male
209,209,Karla,Diaz,850-29-8832,1967-02-03,56,Male
210,210,Thomas,Patel,732-69-4417,1987-08-26,36,Male
211,211,Michelle,Martinez,553-67-8437,1994-11-07,29,Female
212,212,Michael,Haley,779-33-8770,1985-12-30,38,Male
213,213,Denise,Martinez,050-60-8901,2002-03-12,21,Male
214,214,Gabriel,Abbott,078-67-2061,1963-03-03,60,Female
215,215,William,Michael,347-36-1336,2009-06-20,14,Male
216,216,Heather,Larsen,363-54-8311,1956-06-02,67,Male
217,217,Larry,Moore,700-94-9978,1960-07-23,63,Female
218,218,Jared,Mejia,484-42-1681,2001-08-11,22,Female
219,219,Daniel,Fleming,672-42-2283,2002-11-03,21,Female
220,220,David,Fernandez,279-87-1784,2008-11-14,15,Male
221,221,Samantha,Mejia,137-27-9319,1977-10-06,46,Female
222,222,Zoe,Lam,292-98-6629,1977-02-04,46,Female
223,223,Kathleen,Schaefer,152-01-7426,1942-03-10,81,Male
224,224,James,Wallace,591-14-8352,1946-06-01,77,Female
225,225,April,Howard,798-16-4200,2004-10-21,19,Male
226,226,Sabrina,Garcia,562-66-3821,1959-01-22,64,Male
227,227,Martha,Martin,550-64-6668,1968-07-23,55,Male
228,228,Nichole,Sanchez,485-28-0653,1973-03-15,50,Male
229,229,Daniel,Roach,750-08-3339,1958-09-29,65,Female
230,230,Todd,Huang,753-93-5937,1967-10-13,56,Female
231,231,Patricia,Nelson,751-54-5657,1965-12-20,58,Male
232,232,Justin,Sanchez,206-73-4773,1964-01-21,59,Female
233,233,Arthur,Lane,133-16-9700,1959-10-21,64,Male
234,234,Jenna,Reed,746-19-8680,1972-06-14,51,Male
235,235,Johnathan,Peterson,465-79-2311,1944-07-07,79,Female
236,236,Cheryl,Sutton,239-48-6101,1947-09-09,76,Male
237,237,Mark,Mendoza,086-25-1690,1948-08-13,75,Male
238,238,Tina,Gonzalez,538-36-8686,1942-01-05,81,Male
239,239,Ronald,Johnson,771-14-1247,1941-09-05,82,Male
240,240,Jason,Lindsey,394-09-5377,1993-09-07,30,Female
241,241,Edwin,Scott,083-58-0922,1965-03-15,58,Male
242,242,Carrie,Parsons,865-27-4918,1965-04-22,58,Male
243,243,Katie,Clark,096-94-4528,1985-07-05,38,Female
244,244,David,Martin,540-29-7747,1972-06-02,51,Male
245,245,Alejandro,Phillips,172-19-3547,1984-06-13,39,Female
246,246,David,Marshall,621-57-2680,1970-04-04,53,Female
247,247,Jonathan,Edwards,501-50-3604,1949-09-13,74,Male
248,248,James,Nelson,571-82-5062,1991-10-07,32,Female
249,249,David,Caldwell,481-36-5650,1990-04-22,33,Female
250,250,John,Singleton,032-03-9261,1956-10-16,67,Male
251,251,Donald,Benitez,078-38-2437,1969-07-21,54,Male
252,252,Melissa,Wilkinson,171-36-9915,1980-04-15,43,Male
253,253,Sarah,Kim,707-43-3265,1990-01-27,33,Female
254,254,David,Martinez,403-48-3395,1952-09-09,71,Male
255,255,Victoria,Ray,799-47-8817,1971-04-01,52,Female
256,256,Christopher,Bradford,057-34-8159,1985-11-08,38,Female
257,257,Leah,Owens,657-55-8646,2000-12-28,23,Male
258,258,Sarah,Oneill,695-66-3966,1947-07-14,76,Female
259,259,Adam,Garcia,632-75-1229,2003-12-30,20,Female
260,260,Kendra,Brown,233-08-4520,1944-09-08,79,Female
261,261,John,Cox,339-61-8893,1971-07-20,52,Female
262,262,Andrea,Jones,631-94-0413,1973-10-06,50,Female
263,263,Amy,Sherman,355-43-5839,1943-01-06,80,Female
264,264,Deborah,Contreras,620-70-9251,1971-04-23,52,Female
265,265,Sydney,Scott,742-74-1854,1949-06-03,74,Male
266,266,Teresa,Green,237-05-7924,1972-01-07,51,Female
267,267,Christopher,Gray,401-40-0232,1968-06-03,55,Female
268,268,Christina,Beard,581-49-9589,1980-10-14,43,Male
269,269,Michael,Miller,432-16-3554,1947-03-15,76,Female
270,270,Alejandra,Harris,734-41-5143,1949-03-14,74,Female
271,271,Danny,Berry,335-85-0079,2003-05-29,20,Male
272,272,Ryan,Holmes,396-02-9439,1977-01-06,46,Female
273,273,Jacob,Gomez,426-56-9442,1980-03-27,43,Female
274,274,Joseph,Jackson,849-88-5012,2009-02-11,14,Female
275,275,Frederick,Nicholson,334-88-4276,1985-03-30,38,Female
276,276,Louis,Schroeder,541-86-7931,1981-05-06,42,Female
277,277,James,Ward,526-04-5456,1993-10-03,30,Female
278,278,Deborah,Miranda,054-74-5943,1967-03-27,56,Male
279,279,Michael,Gordon,425-71-3361,1980-03-21,43,Male
280,280,Christopher,Oconnell,506-77-7746,1971-12-08,52,Female
281,281,Jenna,Palmer,440-69-1977,1991-12-16,32,Female
282,282,Dillon,Myers,835-57-7421,1989-11-25,34,Female
283,283,Adam,Smith,706-26-9860,1956-09-28,67,Male
284,284,Angela,Davis,674-01-2512,2008-12-31,15,Male
285,285,Anita,Jordan,843-76-9343,2008-11-25,15,Female
286,286,Virginia,Thomas,480-54-8459,1970-10-04,53,Male
287,287,Jonathan,Hughes,664-22-0102,1960-12-14,63,Male
288,288,John,Taylor,848-43-7538,1975-11-29,48,Male
289,289,John,Glover,524-26-7691,1976-02-20,47,Female
290,290,Danielle,Moody,362-32-0361,2005-01-11,18,Female
291,291,Mary,Cabrera,070-85-5266,1953-11-17,70,Female
292,292,Shane,Miller,875-83-5933,1994-01-12,29,Female
293,293,Sherry,Reyes,288-23-2404,1999-10-24,24,Male
294,294,Cassandra,Murphy,855-83-2825,1999-01-09,24,Female
295,295,Joyce,Williams,777-70-9788,1985-09-13,38,Female
296,296,Kevin,Moore,517-25-1121,1951-07-24,72,Male
297,297,Sierra,May,444-24-7884,2008-01-06,15,Male
298,298,Michael,Lutz,687-03-9071,1996-12-17,27,Male
299,299,Sarah,Sherman,378-49-8951,1963-01-26,60,Male
300,300,Brooke,Cooley,169-92-5704,1994-03-31,29,Female
301,301,Jody,Hodges,467-02-5130,1986-11-26,37,Female
302,302,Robert,Nelson,842-66-8932,1978-12-26,45,Female
303,303,Brian,Richard,319-26-4764,2002-11-18,21,Female
304,304,Mary,Griffith,602-85-7265,1959-06-18,64,Male
305,305,Ashley,Peck,173-57-7754,1986-08-11,37,Female
306,306,Aaron,Harper,317-57-4820,1980-10-31,43,Female
307,307,Bradley,Chen,435-48-4219,2000-09-16,23,Female
308,308,Matthew,Clark,894-86-0333,1967-03-31,56,Male
309,309,Jesus,Lee,143-99-3734,1994-07-27,29,Female
310,310,James,Fleming,349-91-4599,1990-09-04,33,Male
311,311,Susan,Watson,892-28-5864,1991-10-24,32,Female
312,312,Stephanie,Doyle,119-26-3724,1989-10-29,34,Male
313,313,Tyler,Butler,561-77-2330,1958-12-01,65,Male
314,314,Russell,Reyes,155-36-0354,1990-06-07,33,Female
315,315,Jacqueline,Jordan,436-48-5522,1997-11-18,26,Female
316,316,Melinda,Sherman,613-55-6439,1993-06-11,30,Female
317,317,Gary,Guerrero,617-50-8246,1983-12-11,40,Male
318,318,Alex,Hubbard,370-31-9557,1985-06-08,38,Female
319,319,Christopher,Russell,648-94-1880,1982-04-24,41,Male
320,320,Denise,Sullivan,289-43-4203,1994-05-30,29,Male
321,321,Craig,Chase,629-04-5605,1973-12-05,50,Male
322,322,Carl,Evans,718-11-7378,1981-08-15,42,Male
323,323,Jeffery,Butler,711-56-6758,1999-07-23,24,Female
324,324,Amanda,Thomas,861-80-4029,1954-01-02,69,Female
325,325,Fred,Madden,785-49-9770,1988-12-19,35,Male
326,326,Kaitlyn,Case,105-47-5859,1994-10-16,29,Male
327,327,Toni,Davis,058-82-0572,1947-03-19,76,Female
328,328,Angela,Cobb,294-44-1085,2001-04-21,22,Female
329,329,Zachary,Wise,248-70-4448,1944-05-08,79,Female
330,330,Tony,Bowers,217-98-9456,2003-10-16,20,Male
331,331,James,Alexander,604-35-0003,1949-05-20,74,Male
332,332,Beth,Villarreal,264-62-3518,1955-07-11,68,Female
333,333,Stephanie,Mendez,205-92-0066,2005-01-16,18,Male
334,334,Sarah,Garcia,184-63-6545,1950-02-20,73,Female
335,335,Jeffrey,Garcia,168-89-0583,2006-07-21,17,Male
336,336,Justin,Martin,263-22-0471,1945-11-01,78,Male
337,337,Lindsay,Lee,815-96-6766,2000-02-05,23,Female
338,338,Stephanie,Brown,258-99-6538,1971-05-24,52,Male
339,339,Kevin,Grant,886-08-2464,1959-02-16,64,Male
340,340,Ryan,Roberts,071-11-5593,1982-10-30,41,Female
341,341,Hannah,Franco,778-81-5095,1954-05-14,69,Male
342,342,Bethany,Garcia,120-30-5562,1972-11-05,51,Male
343,343,Gregory,Price,376-06-7661,1955-03-31,68,Male
344,344,Mathew,Bush,544-30-6228,1942-01-02,81,Male
345,345,Mark,Moon,380-26-3177,1973-03-27,50,Male
346,346,James,Cannon,314-60-6651,1968-08-11,55,Female
347,347,Christopher,Ray,473-68-9754,1985-02-05,38,Male
348,348,John,Schaefer,359-56-5638,1989-01-11,34,Male
349,349,Sarah,Mcknight,405-22-8370,1956-01-26,67,Female
350,350,Dylan,Miller,617-59-5936,1964-05-25,59,Male
351,351,Scott,Ochoa,362-53-7475,1965-04-08,58,Female
352,352,Daniel,Carlson,316-30-2914,1943-01-27,80,Female
353,353,Stephanie,Norman,588-31-4584,1954-01-01,69,Female
354,354,Edward,Sampson,763-49-4874,1953-01-09,70,Male
355,355,Michael,Hernandez,669-38-6249,2008-06-04,15,Male
356,356,Gloria,Smith,687-85-5214,2004-12-22,19,Female
357,357,Roger,Zimmerman,543-72-0951,1962-09-22,61,Female
358,358,Amber,Cox,648-08-1324,1950-10-13,73,Female
359,359,Amy,Parks,537-57-5963,1952-12-24,71,Male
360,360,John,Benjamin,073-06-4513,1952-03-04,71,Female
361,361,Timothy,Palmer,752-05-7697,1979-05-12,44,Male
362,362,Cathy,Davis,287-07-4168,1975-12-19,48,Female
363,363,Angela,Andrews,308-76-6988,1999-11-11,24,Male
364,364,Mark,Johnston,283-81-7003,1970-04-10,53,Female
365,365,Mike,Johnson,331-63-6023,1981-11-15,42,Male
366,366,Victoria,White,557-22-4735,2009-06-22,14,Female
367,367,Alexander,Sullivan,533-53-6745,1976-07-28,47,Male
368,368,Heidi,Vincent,154-83-6772,1951-07-06,72,Male
369,369,Brett,Wallace,743-59-5050,1952-06-04,71,Male
370,370,Kristine,Mann,157-30-9688,1962-07-27,61,Female
371,371,Shirley,Norton,028-62-8509,1961-07-22,62,Male
372,372,Keith,Shaw,175-01-0742,1954-11-17,69,Female
373,373,Timothy,Hogan,241-74-2108,1996-06-02,27,Female
374,374,Betty,Palmer,101-64-0823,2007-11-13,16,Female
375,375,Jennifer,Malone,718-45-7431,1997-03-27,26,Male
376,376,Jordan,Davis,888-50-2197,1982-04-18,41,Male
377,377,Catherine,Clark,165-15-0120,1968-01-08,55,Male
378,378,Abigail,Mccullough,229-34-1173,1946-07-23,77,Female
379,379,Austin,Wood,832-25-1837,1991-05-06,32,Female
380,380,Steven,Simon,589-20-2977,1991-05-11,32,Male
381,381,Rodney,Hanson,890-57-5469,2008-05-28,15,Female
382,382,Lisa,Brown,087-38-6536,1961-06-09,62,Male
383,383,Laura,Phillips,282-17-2215,1996-12-29,27,Male
384,384,David,Barnes,566-70-8652,1944-08-07,79,Female
385,385,Paul,Silva,344-33-1387,1988-11-30,35,Male
386,386,Morgan,Clark,766-65-4835,1979-09-14,44,Female
387,387,Jason,Harper,468-32-9310,1986-10-09,37,Female
388,388,Kevin,Moore,896-86-3284,1965-01-20,58,Male
389,389,Preston,Peterson,137-68-5600,1969-09-11,54,Female
390,390,Deborah,Miller,772-98-0775,1998-10-03,25,Female
391,391,James,Lin,540-02-4299,2004-07-19,19,Female
392,392,Eric,Fernandez,066-18-7729,1990-06-17,33,Female
393,393,Penny,Salas,280-46-5926,2007-04-29,16,Female
394,394,Paul,Odom,090-42-1242,2005-04-21,18,Male
395,395,Gregory,Landry,006-01-5418,1997-05-04,26,Male
396,396,Heather,Perez,241-64-0351,1997-07-21,26,Male
397,397,Michael,Peters,247-95-7944,1987-07-05,36,Male
398,398,Kevin,Johnson,742-16-7027,1949-12-24,74,Male
399,399,Kenneth,Mendez,046-59-9439,1984-04-01,39,Female
400,400,Patricia,Archer,027-63-9270,1942-02-21,81,Female
401,401,Gerald,Taylor,805-65-5949,1989-05-28,34,Male
402,402,Emily,Clark,179-68-2843,1976-06-22,47,Female
403,403,Lisa,Norton,596-46-7129,1951-09-21,72,Male
404,404,Ann,Evans,584-92-1706,1947-08-01,76,Female
405,405,Dale,Turner,116-61-1028,1997-04-16,26,Female
406,406,Robert,Henderson,361-83-8120,2003-07-27,20,Male
407,407,Paul,Thompson,756-33-7199,2009-06-05,14,Male
408,408,Jared,Brown,055-55-3415,1960-06-18,63,Male
409,409,Katie,Lee,738-93-5451,1967-11-28,56,Male
410,410,Susan,Mcpherson,303-89-6271,2002-08-09,21,Male
411,411,Ashley,Collins,739-02-9002,1947-09-19,76,Male
412,412,Jose,Reed,522-38-2759,2001-01-27,22,Female
413,413,Joyce,Lawson,195-61-8524,1976-12-16,47,Male
414,414,John,Gilbert,439-03-5607,1960-08-28,63,Male
415,415,Sharon,Wyatt,526-05-7877,1979-10-25,44,Female
416,416,Mark,Wood,659-83-8230,1974-01-28,49,Female
417,417,Logan,Thornton,123-25-3979,1972-06-26,51,Male
418,418,Julie,Wyatt,112-70-3843,1998-08-11,25,Male
419,419,Marc,Gordon,378-21-3349,1957-12-29,66,Male
420,420,Amber,Gutierrez,036-11-1907,1982-06-08,41,Female
421,421,Collin,Ramos,630-40-1281,1982-11-28,41,Female
422,422,Melanie,Campbell,674-18-0065,1969-07-13,54,Male
423,423,Shawn,Gonzalez,533-98-2001,1964-01-29,59,Female
424,424,Kimberly,Hill,125-64-9901,1954-11-18,69,Female
425,425,Jackie,Martinez,555-57-1032,1975-10-09,48,Female
426,426,Alicia,Morgan,814-32-2479,1973-04-17,50,Female
427,427,Lori,Yu,415-31-9704,1997-11-01,26,Female
428,428,Denise,Scott,728-93-9207,1973-06-15,50,Female
429,429,Jonathan,Ramirez,862-03-4872,1962-02-20,61,Male
430,430,Amber,Howe,540-25-0902,1955-04-01,68,Male
431,431,Michael,Dyer,031-76-5491,1990-03-07,33,Male
432,432,John,Rose,146-76-6387,1988-02-22,35,Male
433,433,Michael,Ramos,512-34-0559,1948-03-19,75,Male
434,434,Samuel,Yang,234-18-3987,1982-12-07,41,Female
435,435,John,Rivera,179-67-5328,1999-03-12,24,Female
436,436,Gerald,Ellis,528-24-4711,1983-03-08,40,Female
437,437,Justin,Mccoy,490-59-3431,1952-11-27,71,Male
438,438,Janice,Murphy,360-27-4809,1983-04-24,40,Female
439,439,Brett,Snyder,789-37-3745,1943-05-14,80,Male
440,440,Julia,Becker,303-17-8957,1980-06-14,43,Male
441,441,Karen,Delgado,609-59-9574,1983-04-12,40,Male
442,442,Heather,Frazier,609-98-6739,2009-02-11,14,Female
443,443,Joshua,Thomas,616-65-5674,1995-01-05,28,Male
444,444,Patrick,Hill,164-83-6288,1954-11-03,69,Female
445,445,Thomas,Wright,661-18-6628,1989-01-07,34,Female
446,446,Chelsea,Walls,429-21-3638,1968-08-29,55,Female
447,447,Robert,Contreras,314-22-0075,1995-06-01,28,Male
448,448,Jennifer,Rodriguez,717-75-2728,1980-05-27,43,Male
449,449,Erika,Daniel,017-09-1434,1947-12-22,76,Male
450,450,Diana,Crosby,155-23-8771,1951-02-20,72,Female
451,451,Brian,Smith,127-43-5109,1947-02-13,76,Female
452,452,Tina,Bauer,500-27-8887,2003-10-11,20,Female
453,453,Brittney,Hall,019-98-2130,1997-08-31,26,Male
454,454,Mike,George,734-52-7398,1996-02-16,27,Female
455,455,Kristine,Harmon,317-49-5970,1973-07-15,50,Female
456,456,Susan,Smith,210-59-3369,1982-07-31,41,Female
457,457,Debbie,Ballard,236-35-1147,1962-07-07,61,Female
458,458,Isaac,Lawson,083-69-8141,1988-06-24,35,Male
459,459,Shelley,Harper,894-60-6212,1985-04-07,38,Male
460,460,Tiffany,Clarke,752-56-5143,1999-01-24,24,Female
461,461,Juan,Kelley,551-82-8510,1979-10-21,44,Male
462,462,Deborah,Tran,715-01-0648,2006-09-13,17,Male
463,463,Brandon,Hansen,739-42-6546,1997-09-18,26,Male
464,464,Michelle,Shepherd,850-58-3680,1986-03-31,37,Female
465,465,Eric,Ortiz,178-32-6191,1952-05-12,71,Female
466,466,Alicia,Rodriguez,124-95-0146,1952-12-10,71,Male
467,467,Tracy,Smith,301-47-9172,1997-12-30,26,Female
468,468,Kayla,Love,644-82-0074,1978-10-30,45,Female
469,469,Nicholas,Barnett,163-79-0979,1960-06-18,63,Male
470,470,Willie,Hill,337-62-6282,1981-11-12,42,Male
471,471,Kayla,Macias,202-63-3778,1988-02-02,35,Male
472,472,Taylor,Chen,613-76-6665,1977-02-12,46,Female
473,473,Nicholas,Woodard,289-99-4829,1998-11-19,25,Female
474,474,Kristen,Lee,528-89-7481,1994-10-08,29,Male
475,475,Nicholas,Mitchell,416-41-7646,1973-02-20,50,Female
476,476,Jacob,Gutierrez,685-86-5843,1966-12-18,57,Female
477,477,Michael,Lewis,697-18-7973,1974-05-20,49,Male
478,478,Carol,White,637-80-5851,1981-09-29,42,Male
479,479,Aimee,Baker,461-97-2338,1965-07-31,58,Female
480,480,Alicia,Herrera,346-45-1785,1994-01-08,29,Female
481,481,Katherine,Riley,816-99-5061,2008-03-12,15,Female
482,482,Nicole,Wiley,324-69-1237,1986-08-06,37,Male
483,483,Brian,Hayes,846-73-1167,1955-04-26,68,Male
484,484,Jonathan,Martinez,289-52-4814,1957-08-19,66,Female
485,485,Chad,Morrow,240-45-4009,1997-06-07,26,Female
486,486,Traci,Frazier,539-61-9296,1947-11-16,76,Female
487,487,Tiffany,Robles,793-23-8448,1973-04-25,50,Female
488,488,Elizabeth,Shepherd,231-21-2944,1973-04-08,50,Female
489,489,Alexa,Mitchell,543-12-6628,1956-11-25,67,Male
490,490,Nicholas,Warren,170-66-9073,1952-06-08,71,Male
491,491,Brian,Jordan,202-94-9750,1962-10-16,61,Male
492,492,Sherry,White,466-79-5313,2002-05-16,21,Female
493,493,Jason,Lawrence,196-27-9713,1961-12-03,62,Male
494,494,Nicole,Hess,805-64-9226,1961-09-10,62,Male
495,495,Scott,Harrison,026-24-6068,1963-07-05,60,Male
496,496,Vanessa,Snyder,056-41-8939,1980-03-07,43,Female
497,497,Donna,Love,681-44-5882,2009-10-31,14,Male
498,498,Heidi,Lee,256-87-6681,2002-10-15,21,Male
499,499,Tonya,Bell,140-60-3941,2004-07-02,19,Male
500,500,Adrienne,May,607-89-5340,1959-10-31,64,Male
501,501,James,Tran,678-94-9340,1948-12-29,75,Female
502,502,Stephanie,Leblanc,170-44-0878,1969-03-22,54,Male
503,503,Katherine,Bailey,509-02-2499,1972-01-28,51,Male
504,504,Hannah,Henson,287-68-4650,1969-01-30,54,Female
505,505,Erika,King,415-90-9298,1953-06-23,70,Male
506,506,Lucas,Hicks,790-81-3007,1997-10-29,26,Female
507,507,Toni,Simmons,688-41-4086,1994-05-18,29,Female
508,508,Paul,Nash,334-35-7104,1985-10-26,38,Male
509,509,Kathryn,Johnson,096-38-2574,1981-09-22,42,Male
510,510,Kathleen,Gonzalez,088-46-9154,1942-09-30,81,Female
511,511,Cynthia,Hernandez,761-55-5563,1991-12-31,32,Female
512,512,Kenneth,Hamilton,413-72-8719,1950-10-20,73,Male
513,513,Bob,Garcia,199-98-1977,1985-04-30,38,Female
514,514,Mark,Lee,135-66-0263,1983-03-02,40,Female
515,515,Jeff,Stephens,715-01-1763,1942-07-02,81,Female
516,516,Kathryn,Warren,884-72-6195,1983-12-15,40,Female
517,517,Tina,Brooks,033-40-9599,2006-04-12,17,Male
518,518,Jonathan,Adams,595-43-5264,1954-02-13,69,Female
519,519,Courtney,Castro,379-26-0759,1992-06-30,31,Female
520,520,Albert,Rodriguez,878-07-5815,1972-04-25,51,Female
521,521,Sherri,Barnes,742-71-7102,1999-07-26,24,Female
522,522,Miranda,Lloyd,325-80-2785,1994-10-06,29,Male
523,523,Nancy,Mcdowell,750-89-5557,1961-01-09,62,Female
524,524,Joanne,Mayo,272-85-6562,1945-01-19,78,Male
525,525,Ian,Wilson,087-21-0788,2004-12-15,19,Male
526,526,Eric,Wheeler,683-22-4164,1966-09-08,57,Male
527,527,Jennifer,Wilson,055-55-8181,2001-04-02,22,Female
528,528,Tiffany,Valdez,239-24-4966,2003-04-10,20,Female
529,529,Leah,Carter,616-66-3885,1946-04-05,77,Female
530,530,Madison,Rose,581-71-9840,2008-03-01,15,Male
531,531,Nicole,Reynolds,110-95-7509,2008-07-22,15,Female
532,532,Adam,Garcia,413-56-4330,1982-09-20,41,Female
533,533,Amanda,Hanna,606-42-4569,1992-06-06,31,Female
534,534,Richard,Lee,099-66-8415,1942-08-18,81,Male
535,535,Jenna,Martinez,859-92-7560,1966-07-21,57,Female
536,536,Vincent,Morris,309-32-9313,1948-11-03,75,Female
537,537,David,Hamilton,677-84-9424,2009-08-01,14,Male
538,538,Brandon,Bailey,461-96-7765,1952-12-23,71,Male
539,539,Sean,Richardson,254-46-8405,1959-11-01,64,Male
540,540,Caitlin,Nielsen,262-25-1148,2003-10-14,20,Male
541,541,Jeremy,Gutierrez,059-32-0440,1989-03-10,34,Male
542,542,Anthony,Savage,298-76-1650,1997-03-30,26,Female
543,543,Sara,Casey,677-71-1707,1947-11-20,76,Female
544,544,Michael,Bass,268-61-6678,1950-07-16,73,Female
545,545,Michael,Wise,826-13-5472,1946-04-04,77,Male
546,546,Christopher,Smith,018-27-9613,1952-12-20,71,Female
547,547,Hailey,Martinez,255-36-5114,1987-02-22,36,Female
548,548,Evan,Barber,377-60-3630,1976-04-04,47,Male
549,549,Kathryn,Glass,193-70-7643,1985-07-10,38,Male
550,550,Tracy,Lambert,866-26-0278,1971-04-01,52,Male
551,551,Amanda,Levy,069-59-2903,1983-05-27,40,Male
552,552,Tyler,Fischer,273-12-0763,1983-07-09,40,Female
553,553,Tyler,Mullins,374-31-1641,1953-02-08,70,Female
554,554,Robert,Scott,030-44-2456,1946-11-07,77,Male
555,555,Kyle,Stafford,054-28-7478,1984-05-02,39,Female
556,556,Noah,Sloan,348-42-1192,1973-05-29,50,Female
557,557,Robert,Peterson,279-27-4837,1990-05-12,33,Male
558,558,Richard,Griffin,646-14-9824,1948-01-31,75,Male
559,559,Paula,Orozco,431-02-7541,2004-07-31,19,Male
560,560,Lonnie,Murphy,322-18-8520,2005-03-23,18,Female
561,561,Ricky,White,062-75-4349,1987-09-28,36,Female
562,562,Jonathan,Buchanan,878-59-0349,1973-05-07,50,Female
563,563,Madison,Rosario,672-32-8442,1975-12-17,48,Female
564,564,Lawrence,Pace,309-39-0250,1969-02-16,54,Male
565,565,Matthew,Greene,121-79-6057,1949-08-11,74,Female
566,566,Zachary,Joseph,775-94-2612,1968-01-03,55,Male
567,567,Rodney,Curtis,265-48-7624,1953-12-12,70,Female
568,568,Christopher,Bradley,245-83-9334,1947-06-27,76,Male
569,569,Joshua,Lang,424-41-5380,1968-11-20,55,Female
570,570,Morgan,Leblanc,232-44-3559,1983-07-16,40,Male
571,571,Douglas,Andrade,081-96-7594,2006-05-03,17,Female
572,572,Tanya,Phillips,384-09-7984,1975-11-29,48,Female
573,573,Adam,Allen,111-79-9282,1947-01-26,76,Male
574,574,Robert,Morales,135-01-3072,1984-05-22,39,Female
575,575,Kenneth,Jackson,552-40-8827,2009-04-11,14,Female
576,576,Shawn,Delgado,226-21-3233,1950-05-20,73,Male
577,577,Jeffrey,Wright,401-64-4975,1971-08-16,52,Male
578,578,James,Bennett,875-21-0570,1950-09-02,73,Male
579,579,Christina,Watts,048-44-4561,1960-05-26,63,Female
580,580,Nancy,Perez,812-40-2930,1946-06-20,77,Female
581,581,Gregory,Martinez,771-05-7829,1981-04-25,42,Female
582,582,Desiree,Hicks,134-76-1885,2008-01-14,15,Male
583,583,Lauren,Huffman,878-23-4520,1967-04-10,56,Male
584,584,John,Austin,625-36-9487,1978-06-21,45,Female
585,585,Kathy,Cabrera,347-46-8059,2008-08-22,15,Male
586,586,Jenna,Daniels,896-62-7455,1995-05-01,28,Male
587,587,Dennis,Sims,221-02-8367,1967-08-27,56,Male
588,588,Yolanda,Rasmussen,549-77-4514,1959-08-05,64,Female
589,589,Isaiah,Gordon,201-42-0028,1968-09-01,55,Female
590,590,James,Melton,880-33-4159,2002-07-01,21,Female
591,591,Virginia,Mills,327-14-2246,1977-08-25,46,Female
592,592,Carla,Martin,716-85-3180,1970-10-27,53,Female
593,593,Kristen,Cobb,786-53-9053,2000-08-02,23,Female
594,594,Charles,Baker,564-77-8120,1963-06-25,60,Female
595,595,Kathleen,Chen,863-53-5309,1990-07-21,33,Male
596,596,Mike,Carlson,859-84-4800,1957-11-18,66,Male
597,597,Anthony,Stevens,075-50-5128,1981-06-16,42,Male
598,598,Martha,Williamson,400-02-1348,1961-12-16,62,Female
599,599,Pamela,Church,541-64-3594,1949-03-02,74,Male
600,600,Matthew,Collins,398-96-5803,1959-12-12,64,Female
601,601,Paula,Harris,322-27-3436,1942-08-08,81,Female
602,602,Madison,Green,511-79-6113,1947-06-12,76,Male
603,603,Randy,Ramos,232-39-8102,1977-07-14,46,Male
604,604,Sergio,Ball,720-58-8924,1967-08-21,56,Male
605,605,Roberto,Webb,610-02-2418,1956-06-28,67,Male
606,606,Carrie,Vazquez,804-44-4473,1990-03-24,33,Female
607,607,Samantha,Diaz,450-43-3015,1955-10-03,68,Male
608,608,Anna,Fisher,686-18-0457,1981-04-02,42,Male
609,609,Patrick,Griffin,842-27-2596,1962-08-14,61,Male
610,610,Brandon,Smith,022-33-3685,1972-08-10,51,Female
611,611,Matthew,Patterson,012-66-6015,1975-02-02,48,Male
612,612,Renee,Roman,653-08-4217,1949-09-05,74,Male
613,613,Angela,Myers,010-77-3290,1966-09-07,57,Male
614,614,Catherine,Odonnell,495-38-8119,2008-05-14,15,Female
615,615,Bryan,Smith,493-31-6291,2005-04-15,18,Male
616,616,Richard,Baker,215-08-4544,2009-08-14,14,Female
617,617,Sharon,Potts,343-44-6010,1942-06-01,81,Male
618,618,Robert,Wells,614-45-6809,1978-05-20,45,Female
619,619,Shawn,Frost,072-25-9276,2002-05-30,21,Male
620,620,Ryan,Jackson,062-17-2637,1997-08-05,26,Female
621,621,Donald,Taylor,648-66-8304,2008-05-07,15,Female
622,622,Krista,Singh,807-17-3366,1979-08-26,44,Male
623,623,Thomas,Irwin,325-67-2444,1950-12-09,73,Female
624,624,Melanie,Krueger,179-72-1829,1977-01-06,46,Male
625,625,Janet,Stark,539-58-6806,2001-01-21,22,Female
626,626,Joshua,Ball,020-02-9991,1968-12-30,55,Male
627,627,Jessica,Russell,234-98-2409,1981-04-16,42,Male
628,628,Kelsey,Berry,636-27-8368,1959-06-06,64,Female
629,629,Sarah,Robinson,154-38-6143,1995-02-01,28,Male
630,630,Jason,Peterson,111-57-8443,1962-07-23,61,Female
631,631,Matthew,Fuentes,603-08-3920,1952-08-25,71,Male
632,632,Eric,Carter,361-36-5435,2000-03-19,23,Male
633,633,Ryan,Howell,682-08-7242,1992-04-02,31,Female
634,634,Donald,Hughes,494-85-0043,1966-07-16,57,Female
635,635,John,Roman,228-68-2653,1975-03-19,48,Male
636,636,Ashley,Horn,360-07-0351,1985-02-11,38,Female
637,637,Teresa,Orozco,834-56-7365,1981-11-27,42,Male
638,638,Melissa,Mullins,765-77-9330,1951-02-07,72,Female
639,639,Garrett,Allen,852-88-5550,1981-11-21,42,Male
640,640,Nicole,Flynn,294-29-3541,1995-08-21,28,Female
641,641,Elizabeth,Clayton,839-43-9967,1979-11-24,44,Female
642,642,Becky,Munoz,178-81-0365,2006-12-07,17,Male
643,643,Virginia,Merritt,333-28-0806,1975-12-09,48,Female
644,644,Jessica,Mathews,034-82-1108,2001-02-21,22,Male
645,645,Paul,Vaughn,416-79-2542,1993-08-16,30,Female
646,646,Wendy,Williams,054-18-0204,1962-08-31,61,Male
647,647,Brian,Gibbs,368-79-0039,1942-03-12,81,Male
648,648,Troy,Weber,641-18-0343,1987-01-28,36,Female
649,649,Terri,Lewis,765-11-4519,1971-08-25,52,Male
650,650,Andrew,Gomez,005-66-2363,1980-10-14,43,Female
651,651,Erica,Adkins,124-74-3284,1970-09-29,53,Male
652,652,Monica,Hamilton,356-98-5325,1988-07-25,35,Male
653,653,Michele,Barrett,517-59-3105,2004-10-12,19,Male
654,654,Bailey,Freeman,893-64-2191,1983-05-08,40,Male
655,655,Amanda,Moore,763-96-7744,2002-03-16,21,Female
656,656,Angela,Lopez,649-68-4769,1969-12-08,54,Female
657,657,Ashley,Cochran,531-72-5718,1996-09-28,27,Female
658,658,Jillian,Carr,706-88-6950,1963-05-24,60,Male
659,659,Kristina,Rhodes,742-35-4848,1950-08-21,73,Female
660,660,Dawn,Montgomery,163-01-0662,2008-01-26,15,Male
661,661,Jack,Williams,679-23-1505,1991-10-11,32,Male
662,662,Maria,Davis,709-99-9144,1982-11-10,41,Female
663,663,Stephanie,Bruce,847-34-6205,1997-12-31,26,Female
664,664,Erin,Nielsen,355-21-6682,1999-04-08,24,Female
665,665,Allison,Glover,158-53-7090,1996-09-10,27,Male
666,666,Willie,Andrade,415-66-1402,2004-09-03,19,Male
667,667,William,Robinson,550-33-3607,1952-06-16,71,Female
668,668,Francisco,Parker,866-12-3731,2000-08-20,23,Male
669,669,David,Cannon,320-95-5707,1991-12-22,32,Male
670,670,Michael,Williams,438-90-0074,1969-05-21,54,Male
671,671,Brent,Baker,712-95-8514,1989-06-21,34,Female
672,672,Michael,Peters,646-34-7945,1975-12-13,48,Female
673,673,Tammy,Rivera,095-93-9206,1958-02-07,65,Female
674,674,Gloria,Osborn,706-62-1219,1968-04-12,55,Female
675,675,Katherine,Harvey,243-48-8398,1973-02-05,50,Female
676,676,Stefanie,Ward,861-86-3317,1958-04-19,65,Male
677,677,Joshua,Long,520-35-4610,1982-12-13,41,Male
678,678,Kari,Figueroa,518-57-8163,1944-12-05,79,Female
679,679,Erin,Herrera,483-48-9363,1956-11-02,67,Male
680,680,Maria,Becker,774-41-3858,1960-12-09,63,Male
681,681,Tiffany,Beasley,660-05-7175,1953-06-22,70,Female
682,682,Daniel,Hughes,598-71-9083,2001-08-20,22,Male
683,683,Jeremiah,Wilcox,026-88-6966,1977-08-27,46,Female
684,684,Brett,Mcgee,038-97-3166,1974-08-13,49,Male
685,685,Patrick,Edwards,006-21-9681,1990-07-23,33,Female
686,686,Daniel,Dominguez,115-54-9812,1980-09-30,43,Female
687,687,Matthew,Kelley,250-53-7621,1965-04-02,58,Female
688,688,Christopher,Bishop,236-76-6591,1946-08-04,77,Female
689,689,Logan,Ramsey,530-06-2455,1962-03-14,61,Male
690,690,Robin,Ayers,032-68-2226,2003-05-18,20,Female
691,691,Valerie,Watts,644-02-2029,1967-11-23,56,Female
692,692,Christopher,Nelson,662-69-2122,1954-01-28,69,Male
693,693,Jackie,Phillips,084-32-5278,1948-01-06,75,Female
694,694,Brandon,Wright,779-37-0725,1945-09-26,78,Male
695,695,Kathleen,Whitaker,340-71-4549,1987-03-29,36,Male
696,696,James,Lewis,400-98-5836,1962-11-23,61,Female
697,697,Angela,Spears,187-10-3789,2009-05-29,14,Female
698,698,Rebekah,Powell,745-38-1059,1964-05-31,59,Female
699,699,Steven,Jarvis,538-09-9726,1991-05-02,32,Female
700,700,Jennifer,Stewart,100-17-9270,2000-10-11,23,Female
701,701,Russell,Romero,415-78-8860,1984-05-24,39,Male
702,702,Thomas,Beck,746-51-8243,1975-05-18,48,Female
703,703,Kenneth,Thompson,119-80-0739,1977-05-16,46,Male
704,704,Ashley,Rodriguez,117-25-9173,1985-06-27,38,Female
705,705,Melissa,Rodriguez,026-68-6219,1963-09-16,60,Male
706,706,Jason,Booth,155-97-6953,1994-09-21,29,Female
707,707,Andrew,Thompson,639-66-1985,1955-09-30,68,Female
708,708,April,Marshall,550-27-2577,1983-06-07,40,Male
709,709,David,Brewer,881-23-4169,1940-06-16,83,Male
710,710,Ryan,Cooper,182-77-8873,2000-04-12,23,Female
711,711,Brittany,Lopez,673-46-3432,1942-03-18,81,Male
712,712,Sheila,Phillips,779-39-1376,1953-10-21,70,Male
713,713,Chris,Rush,758-40-8752,1999-11-15,24,Female
714,714,Sandra,Johnston,860-71-3737,1975-02-07,48,Male
715,715,Brooke,Jensen,189-11-8643,1977-01-09,46,Male
716,716,Carol,Bryant,270-48-1989,1959-08-07,64,Female
717,717,Charles,White,122-04-9356,1988-07-23,35,Female
718,718,Ian,Curry,105-45-5880,1994-02-09,29,Male
719,719,Danielle,Johnson,064-13-3756,1990-04-05,33,Male
720,720,William,Terry,769-19-5337,1955-04-15,68,Female
721,721,Marc,Williams,002-95-4365,1983-04-28,40,Male
722,722,Adrienne,Davidson,304-26-1829,1973-09-17,50,Male
723,723,Joseph,Ewing,011-95-8063,1952-08-09,71,Female
724,724,Jennifer,Patterson,871-19-9227,1996-12-29,27,Female
725,725,Mary,Galloway,395-83-5963,2006-01-22,17,Female
726,726,Gabriel,Vargas,683-06-0366,1970-08-21,53,Female
727,727,Peter,Brock,189-59-4687,1981-09-04,42,Female
728,728,Amy,Norman,511-26-7899,1957-05-19,66,Female
729,729,Melinda,Newton,852-29-7661,1982-06-20,41,Female
730,730,Craig,Myers,079-91-6577,1987-08-01,36,Female
731,731,Ashley,Jackson,118-01-0894,1978-02-06,45,Male
732,732,Matthew,Bradley,205-84-9636,1982-03-02,41,Male
733,733,Taylor,Torres,066-30-6377,1990-04-22,33,Male
734,734,Yvette,Gill,508-75-1462,1962-03-27,61,Female
735,735,Jill,Allen,134-68-3355,1956-02-27,67,Male
736,736,Jodi,Wallace,430-50-7166,2007-01-23,16,Female
737,737,Mark,Taylor,588-92-2762,1980-03-23,43,Female
738,738,Michael,Thomas,344-58-1405,1979-01-23,44,Female
739,739,Kenneth,Allison,188-96-7849,2003-10-12,20,Female
740,740,Rhonda,Davis,683-83-2024,1992-05-08,31,Male
741,741,Seth,Gonzalez,412-93-6506,1953-11-07,70,Female
742,742,Justin,Williams,328-07-8098,1994-11-03,29,Male
743,743,Cynthia,Thomas,818-41-5058,1982-07-28,41,Male
744,744,Maria,Winters,862-51-8763,1976-03-21,47,Male
745,745,Andrew,Brown,507-71-2344,2005-04-26,18,Female
746,746,Joe,Brown,170-22-1607,1967-02-20,56,Female
747,747,Tracy,Taylor,167-26-1704,1955-07-05,68,Male
748,748,Alicia,Pearson,294-43-7574,1963-08-15,60,Male
749,749,Brian,Jordan,628-38-4103,1973-04-29,50,Female
750,750,Amanda,Gray,353-33-9639,1973-09-19,50,Female
751,751,Stephanie,Torres,027-80-4244,1994-07-24,29,Female
752,752,Ryan,Johnson,063-13-9340,1957-03-25,66,Female
753,753,Joshua,Gutierrez,448-64-1737,1942-12-23,81,Male
754,754,Jessica,Day,366-19-2649,1989-12-15,34,Female
755,755,Sarah,Brown,540-58-9826,1979-01-26,44,Male
756,756,Pamela,Johnson,248-50-5753,1961-06-09,62,Male
757,757,Elizabeth,Spencer,622-92-2479,2000-11-02,23,Female
758,758,Taylor,West,255-62-2692,1992-07-31,31,Female
759,759,Zachary,Duran,631-06-0710,2006-08-29,17,Female
760,760,Dustin,Evans,857-08-3335,2001-04-01,22,Male
761,761,Travis,Moss,075-61-7895,1956-02-17,67,Female
762,762,Arthur,Knight,088-58-5093,1978-04-01,45,Male
763,763,Eric,Moore,188-85-9591,1978-06-09,45,Male
764,764,Damon,Brown,721-71-9743,1994-12-17,29,Female
765,765,Jasmine,Travis,020-72-4473,1985-04-13,38,Male
766,766,Kelly,May,370-64-0743,1984-05-10,39,Female
767,767,Natasha,Kennedy,523-09-5736,1978-02-04,45,Female
768,768,Heather,Williams,796-61-1884,2007-12-08,16,Female
769,769,Michelle,Owens,231-80-2830,1941-10-17,82,Male
770,770,Robert,Morris,310-72-8382,1999-06-02,24,Male
771,771,Christopher,Lopez,580-55-2852,1963-06-15,60,Male
772,772,Thomas,Johnson,595-43-2874,1984-05-07,39,Female
773,773,William,Perry,702-39-0715,1969-12-13,54,Female
774,774,David,Stephens,718-72-6911,1965-04-24,58,Female
775,775,John,Williams,785-93-6492,2006-04-12,17,Female
776,776,Joyce,Richards,507-56-0224,1997-12-26,26,Male
777,777,Kari,White,053-50-6725,2003-09-15,20,Female
778,778,Melanie,Shields,526-52-1639,1943-07-14,80,Male
779,779,Scott,Parker,354-74-5770,1968-03-18,55,Female
780,780,Devon,Tate,549-25-2525,2005-10-03,18,Female
781,781,Melissa,Crawford,502-29-2096,1955-02-24,68,Female
782,782,Robert,Martin,408-05-7044,1963-07-10,60,Female
783,783,Kylie,Garrett,111-22-9749,1983-03-07,40,Male
784,784,Jesse,Moses,233-56-8229,1982-03-01,41,Male
785,785,Walter,Anderson,196-02-2764,1981-02-09,42,Female
786,786,Robert,Burgess,753-83-7998,1997-07-04,26,Female
787,787,James,Salazar,136-76-2401,1991-07-13,32,Female
788,788,Marcus,Hess,532-59-4060,1983-01-05,40,Male
789,789,Tony,Brock,487-79-1569,1943-04-20,80,Female
790,790,Elizabeth,Padilla,700-47-1968,1955-04-11,68,Female
791,791,Heather,Morris,165-87-3086,1967-06-16,56,Male
792,792,April,Miles,673-61-3362,2006-01-29,17,Male
793,793,Brent,Sandoval,022-17-3430,1994-08-18,29,Female
794,794,Jesse,Davis,625-13-4884,1961-09-13,62,Male
795,795,Heather,Bell,476-96-5753,2006-04-03,17,Female
796,796,Matthew,Pollard,197-46-4811,1995-02-23,28,Male
797,797,David,Wells,377-38-4309,1962-05-02,61,Male
798,798,Brian,Owens,793-96-8513,1978-07-30,45,Female
799,799,Hannah,Faulkner,786-18-3631,1972-04-27,51,Male
800,800,Sharon,Christensen,475-98-1384,1978-05-23,45,Female
801,801,Curtis,Tran,187-58-8807,1998-10-22,25,Female
802,802,Brenda,Mcclain,698-42-8974,1966-12-05,57,Female
803,803,Amber,Thomas,456-57-0055,1985-07-18,38,Male
804,804,Diana,Perez,517-42-1029,1971-01-02,52,Female
805,805,Alexandra,Ewing,130-73-1764,2000-12-29,23,Male
806,806,Bobby,Spencer,002-20-8488,1969-10-20,54,Male
807,807,Shane,White,126-27-9918,1956-07-02,67,Male
808,808,Sarah,Johnson,847-62-8503,1961-12-06,62,Female
809,809,Dennis,Johnson,175-10-8306,1992-05-23,31,Male
810,810,Cassandra,Zavala,331-22-6736,2005-07-17,18,Male
811,811,Nathaniel,Smith,199-82-2485,1983-12-06,40,Female
812,812,Cynthia,Lam,618-94-2303,1941-04-25,82,Male
813,813,Barry,Lopez,335-03-3065,2006-04-23,17,Male
814,814,Peter,Huffman,313-96-8314,1981-11-04,42,Female
815,815,Jennifer,Diaz,171-42-8477,2001-01-22,22,Male
816,816,Aimee,Henderson,128-08-7743,1954-04-15,69,Female
817,817,Hayley,Bowers,787-09-2691,1941-12-07,82,Female
818,818,Megan,Wright,834-80-1983,1957-12-10,66,Female
819,819,Destiny,Lloyd,190-75-5689,1943-08-10,80,Male
820,820,Leah,Blake,549-13-7192,1976-05-03,47,Male
821,821,Nicole,Ali,705-71-4164,2009-05-18,14,Female
822,822,James,Lawrence,330-74-6517,1999-12-27,24,Female
823,823,Shelley,Summers,530-89-5779,1972-06-02,51,Female
824,824,Nicholas,Miller,027-31-1380,1963-05-31,60,Male
825,825,Kevin,Boyd,058-40-9846,1997-03-30,26,Female
826,826,Tyrone,Mccarthy,003-06-4796,1987-05-24,36,Male
827,827,Rebecca,Hunt,594-99-0444,1966-08-24,57,Female
828,828,Lauren,Pena,001-65-9486,1941-09-22,82,Male
829,829,Darlene,Wu,144-96-4136,1950-12-26,73,Male
830,830,Brandy,Perry,271-41-0905,1973-04-19,50,Female
831,831,Victoria,Patel,696-35-6944,1983-06-02,40,Male
832,832,Eric,Hampton,404-93-6482,1974-11-30,49,Female
833,833,Patrick,Chambers,264-21-8840,2006-04-23,17,Female
834,834,Carrie,Thompson,415-57-9004,1970-05-25,53,Male
835,835,Russell,Roach,306-03-1026,1949-02-04,74,Male
836,836,William,Lee,245-61-7689,2003-12-06,20,Female
837,837,Catherine,Nelson,091-02-4242,1948-07-25,75,Female
838,838,Mary,Raymond,225-95-6553,1963-02-26,60,Female
839,839,Peter,Giles,130-45-4176,1957-04-23,66,Male
840,840,Andrew,Silva,290-55-2927,2008-03-04,15,Male
841,841,Justin,Grimes,033-91-1826,1993-03-31,30,Male
842,842,Alexandra,Brown,845-76-0277,1976-10-13,47,Female
843,843,Jenny,Baker,426-64-2163,2001-10-21,22,Female
844,844,Jason,Mills,773-56-9439,2009-08-21,14,Female
845,845,Joel,Williams,526-57-5340,2007-03-27,16,Female
846,846,James,Parrish,442-31-2600,1940-11-06,83,Female
847,847,Beth,Osborne,847-06-6113,1980-04-28,43,Male
848,848,Ryan,Robinson,817-89-4196,1998-04-07,25,Female
849,849,Kenneth,Caldwell,824-18-6379,1950-04-10,73,Male
850,850,David,Johnson,291-36-1171,1945-11-25,78,Male
851,851,Andrew,Martin,469-72-2202,1983-08-27,40,Male
852,852,Angela,Schneider,033-19-6889,1998-04-27,25,Female
853,853,Ryan,Anderson,809-57-4136,1988-01-07,35,Female
854,854,Sheryl,Hughes,379-06-1367,1978-01-30,45,Male
855,855,Bobby,Stephenson,297-86-1663,1961-03-12,62,Male
856,856,Darin,Parker,145-95-8625,1960-08-07,63,Female
857,857,Erin,Lopez,836-71-7719,1966-12-21,57,Male
858,858,Samantha,Russell,199-92-4668,2004-05-10,19,Male
859,859,Joshua,Campbell,692-86-0475,1985-12-01,38,Male
860,860,Rachel,Leon,839-03-2366,1997-04-09,26,Male
861,861,Tracy,Dickerson,743-94-4036,1978-08-10,45,Male
862,862,Holly,Moore,073-33-5612,1975-02-02,48,Male
863,863,Trevor,Noble,643-19-7761,1988-02-16,35,Male
864,864,Rebecca,Kennedy,444-16-0883,1999-05-02,24,Male
865,865,Amy,Gill,884-95-4139,1962-07-27,61,Female
866,866,Todd,Watts,344-48-6504,1961-04-08,62,Female
867,867,Audrey,Collins,800-04-9974,1960-09-01,63,Female
868,868,Melissa,Stevens,490-88-7435,1983-12-03,40,Male
869,869,Frances,Martinez,600-27-9737,1968-04-20,55,Female
870,870,Bethany,Clark,511-05-9014,1942-12-26,81,Female
871,871,Angela,Carlson,139-52-1287,1991-06-16,32,Female
872,872,Melissa,Holmes,753-21-7510,2005-06-03,18,Female
873,873,Kathleen,Rodriguez,139-87-4280,1950-09-13,73,Female
874,874,Dylan,Davis,199-88-2030,1993-06-26,30,Male
875,875,Terri,Conley,836-24-3055,1951-06-23,72,Male
876,876,Jill,Jennings,065-16-4010,2000-11-22,23,Female
877,877,Stephanie,Day,345-29-4437,2004-08-31,19,Male
878,878,John,Cole,190-81-1825,1970-05-23,53,Female
879,879,James,Wang,168-93-2832,1980-11-03,43,Male
880,880,Donna,Robinson,451-57-0982,1965-12-17,58,Female
881,881,Kevin,Sims,635-23-7970,2009-10-26,14,Male
882,882,Dylan,Wolfe,819-58-8736,1978-09-26,45,Male
883,883,Jennifer,Soto,064-45-5913,1959-03-26,64,Male
884,884,Lisa,Bullock,337-96-4542,1956-09-26,67,Female
885,885,Charles,Zhang,035-94-0413,1990-09-01,33,Female
886,886,Matthew,Harrell,169-96-2320,1962-06-11,61,Male
887,887,Jeffrey,Kirby,825-28-3661,1986-01-30,37,Female
888,888,Mary,Hill,751-51-6065,1990-09-03,33,Male
889,889,Jasmin,Marsh,430-99-3722,1969-11-28,54,Male
890,890,Michael,Brown,277-92-5922,1959-05-28,64,Female
891,891,Claudia,Brown,105-78-4831,1977-12-22,46,Female
892,892,Robert,Baker,154-94-3960,2002-10-12,21,Male
893,893,Dylan,Clark,474-22-6648,1956-03-31,67,Female
894,894,Melissa,Hall,755-89-1799,1988-10-31,35,Female
895,895,Donna,Clark,815-96-4367,1985-01-06,38,Male
896,896,Elizabeth,Moore,724-69-9899,2004-06-11,19,Female
897,897,Susan,Murphy,867-18-5449,1948-08-21,75,Female
898,898,Sean,Ward,562-84-2627,1965-08-21,58,Female
899,899,Cameron,Hooper,891-03-3995,2000-06-29,23,Male
900,900,Joshua,James,521-07-0986,2004-11-16,19,Female
901,901,Paul,Gates,392-75-4293,1967-07-21,56,Female
902,902,Billy,Leon,314-72-4500,1966-09-28,57,Male
903,903,William,Caldwell,044-50-6445,2002-06-19,21,Female
904,904,Whitney,Armstrong,439-66-0023,1991-07-24,32,Male
905,905,Lindsay,Ramirez,811-79-2062,1999-12-13,24,Male
906,906,Diana,Jackson,672-46-9779,1968-11-14,55,Male
907,907,Paul,Silva,519-02-5486,1951-01-30,72,Male
908,908,Christopher,Lara,670-86-8614,1942-09-08,81,Male
909,909,Valerie,Mcdonald,366-80-7342,1972-09-21,51,Male
910,910,Edward,Olson,400-92-3255,1955-09-21,68,Female
911,911,Brian,Villanueva,026-30-9527,1967-02-18,56,Female
912,912,Nicole,Mccoy,324-38-8747,1960-04-23,63,Female
913,913,Gregory,Allen,126-11-0500,1999-12-27,24,Male
914,914,Justin,Robinson,517-07-8744,1981-03-22,42,Male
915,915,Jennifer,Jenkins,113-69-9074,1994-04-12,29,Female
916,916,Tyler,Rodriguez,214-30-2286,1950-01-27,73,Male
917,917,Sara,Patton,291-07-2116,2000-07-01,23,Female
918,918,Christopher,Richards,104-48-1029,1985-10-23,38,Male
919,919,Lucas,Newton,056-63-4868,1977-08-30,46,Female
920,920,Sheryl,Perkins,611-50-4136,2008-03-05,15,Male
921,921,William,Bennett,047-87-6693,2009-05-17,14,Male
922,922,Kristin,Steele,153-44-0496,1985-06-28,38,Female
923,923,Julia,Jones,502-75-1261,1973-12-18,50,Male
924,924,Roy,Blackwell,539-18-4771,1973-08-30,50,Male
925,925,Amy,Beasley,451-94-0521,1970-11-10,53,Male
926,926,Katherine,Hebert,881-37-7966,1952-08-29,71,Male
927,927,Charles,Thomas,253-44-2802,1973-03-02,50,Male
928,928,Dennis,Nelson,304-03-6078,1993-10-23,30,Male
929,929,Nicholas,Wheeler,894-74-0651,1989-01-12,34,Male
930,930,Douglas,Zimmerman,896-31-2621,1954-06-30,69,Male
931,931,Matthew,Thomas,169-67-6667,1979-12-10,44,Male
932,932,Jose,Smith,561-69-8912,1948-09-01,75,Male
933,933,Kevin,Garcia,390-94-9649,1992-10-30,31,Male
934,934,Lee,Spence,399-24-0162,1947-07-11,76,Male
935,935,Dawn,Hughes,712-83-9072,1988-01-18,35,Male
936,936,Amy,Edwards,322-90-0205,1971-03-13,52,Female
937,937,Gregg,Neal,693-90-7735,1994-06-16,29,Female
938,938,Kayla,Gilbert,487-01-7299,1945-05-29,78,Male
939,939,Michael,Garcia,451-77-6563,1979-01-08,44,Female
940,940,Robert,Carr,361-35-4720,1974-11-01,49,Male
941,941,Albert,Ramos,685-95-6534,1960-08-30,63,Male
942,942,Richard,Reed,830-15-7276,1999-03-08,24,Male
943,943,Claudia,Stein,780-63-4516,1990-04-06,33,Male
944,944,John,Snow,697-69-3831,1954-05-27,69,Female
945,945,Tammy,Owens,087-05-6274,1973-07-25,50,Male
946,946,Cheryl,Klein,772-92-9706,1970-08-17,53,Female
947,947,Susan,Parks,437-59-4394,1962-11-05,61,Female
948,948,Kathy,Shepherd,840-46-8474,1993-09-18,30,Female
949,949,Michael,Floyd,357-82-2406,1999-03-08,24,Male
950,950,Karen,King,224-34-0377,1973-07-14,50,Male
951,951,Daniel,Osborne,095-18-9209,2003-04-24,20,Female
952,952,Theresa,Edwards,670-30-5647,1987-01-16,36,Male
953,953,Kimberly,Johnston,216-02-4288,1980-10-22,43,Female
954,954,Jeffrey,Pierce,563-83-0263,1988-08-20,35,Male
955,955,Brett,Thompson,282-39-8022,1947-07-13,76,Male
956,956,Thomas,Newton,156-70-7843,2008-01-22,15,Female
957,957,John,Thomas,731-32-2292,1957-10-14,66,Male
958,958,Hector,Harmon,412-43-1266,1956-06-27,67,Male
959,959,Charlotte,Scott,308-78-2513,1974-03-08,49,Male
960,960,Jose,Jensen,606-02-2648,1989-04-04,34,Male
961,961,Daniel,Vargas,076-58-8655,1967-05-04,56,Female
962,962,Crystal,Olson,367-30-9168,2007-03-18,16,Female
963,963,Bradley,Cox,071-52-6747,1976-04-22,47,Female
964,964,Daniel,Miller,812-10-2098,1970-01-10,53,Male
965,965,Jason,Morales,697-31-6759,1957-02-25,66,Male
966,966,Allison,Orozco,187-13-3530,1963-05-31,60,Male
967,967,Thomas,Baker,531-30-5136,2008-03-14,15,Male
968,968,Andrea,Goodman,746-75-7842,1957-05-31,66,Female
969,969,Cody,Gardner,821-94-7956,1974-03-18,49,Male
970,970,Traci,Harris,742-28-5777,1982-06-22,41,Female
971,971,Susan,Manning,889-43-9598,1948-07-27,75,Female
972,972,Elizabeth,Morrow,367-86-6043,2003-12-31,20,Female
973,973,Zachary,Reyes,772-51-8699,1970-07-01,53,Male
974,974,John,Howard,841-30-8482,1982-12-17,41,Male
975,975,Melissa,Martinez,785-67-2908,1948-05-23,75,Female
976,976,Michael,Vasquez,332-39-9387,1966-08-05,57,Female
977,977,Tammy,Watson,515-89-6226,1979-08-30,44,Male
978,978,Ryan,Russell,336-62-3637,1988-03-12,35,Female
979,979,Jason,Rodriguez,452-26-8769,1945-05-07,78,Male
980,980,Jason,Vang,713-99-4765,2005-09-19,18,Male
981,981,Trevor,Vance,451-16-3031,1944-11-24,79,Female
982,982,Lucas,Francis,208-93-0508,1984-05-09,39,Male
983,983,Kimberly,Harrison,665-72-5944,1994-01-16,29,Female
984,984,Kathy,Martinez,369-34-9357,1989-11-22,34,Male
985,985,Julia,Smith,743-09-8910,1993-07-22,30,Male
986,986,Adam,Woodard,887-94-0849,2003-08-09,20,Female
987,987,Lori,Pierce,458-46-8305,1986-04-26,37,Male
988,988,Gregg,Hernandez,202-18-0899,2008-02-17,15,Male
989,989,Melissa,Scott,479-39-2345,1976-09-09,47,Female
990,990,Andrew,Jones,314-90-3206,1942-10-15,81,Female
991,991,Tracy,Jones,598-64-0198,1964-05-28,59,Male
992,992,Brenda,Lee,863-70-5138,1947-07-12,76,Female
993,993,Larry,Cox,341-55-0702,2002-09-01,21,Male
994,994,John,Morgan,438-57-0144,1960-03-06,63,Male
995,995,Lauren,Williams,636-21-0117,1957-02-15,66,Male
996,996,Andrea,Frost,636-12-3017,1986-09-26,37,Female
997,997,Travis,Williamson,518-02-2492,1946-11-02,77,Male
998,998,Joseph,Mason,838-24-0049,1952-05-28,71,Male
999,999,Annette,Hill,243-32-4111,1968-05-14,55,Female
