lexid,first_name,last_name,ssn,vin
8888090530,Heath,Craufurd,486-95-7376,1FTSX2A51AE389727
8888090531,Tani,Bedell,160-67-7547,JN1BJ0HP3EM328006
8888090532,Grove,Casaccia,105-41-9826,JTDKDTB38E1671911
8888090533,Dena,Dibner,439-64-0448,1G6DH5E55C0557506
8888090534,Mariam,Pagden,333-52-1023,WBAUP73578V811268
8888090535,Mathilda,Mill,686-67-5033,2C3CK6CT7BH034228
8888090536,Helen,Spancock,790-68-9264,1HGCR2F39EA934225
8888090537,Morty,Brydell,264-13-1418,1FTWW3B52AE657032
8888090538,Orlan,Maulden,896-34-8473,WAUEH98E86A423461
8888090539,Marja,Huckster,683-97-1371,5N1AR2MM0EC282449
8888090540,Boniface,O'Dea,188-64-2147,WAUKFAFL9BN654819
8888090541,Kristo,Recher,294-32-0364,1HGCR6F5XEA508973
8888090542,Isabeau,Tolmie,728-29-9810,1G6DM8EV0A0164832
8888090543,Morrie,Gurley,177-37-9944,3N1AB6AP1BL465425
8888090544,Patton,Regus,838-39-2450,4A31K5DF0AE133773
8888090545,Celinda,Simchenko,834-67-1807,1G4PR5SK5C4790484
8888090546,Cliff,Kingerby,852-25-2929,WBSBL93461J846267
8888090547,Marjy,Dutch,720-52-6294,5GADT13S852767099
8888090548,Noland,Parmiter,433-71-6824,2C3CA9CTXAH107014
8888090549,Shelby,Mundell,710-08-9378,WAUML54B83N169799
8888090550,Kissiah,Jelleman,834-36-5875,KNADH5A32B6621267
8888090551,Jimmy,Coopey,805-18-2910,JTEBU4BF4CK031665
8888090552,Muire,Slainey,489-44-6141,1N6AF0KYXEN636776
8888090553,Donny,Bunting,549-59-6843,5GAER23D99J103836
8888090554,Bettye,Ellicombe,746-42-1227,WAUWKAFR3AA429898
8888090555,Herold,Berrick,257-69-5717,WAUHE98P89A131594
8888090556,Andria,Stanger,647-20-3694,WBAWL7C5XAP271347
8888090557,Melinda,Wherry,578-79-7083,3VWKX7AJ0DM546835
8888090558,Reiko,Ebanks,489-16-2805,1GD02ZCG6BF181284
8888090559,Ingra,Marshman,181-57-6473,KMHHU6KJ5FU939951
8888090560,Alvan,Clack,597-23-2389,SCBLF44J69C520532
8888090561,Marc,Murrells,674-70-4290,1FADP5AU0FL579547
8888090562,Joseph,Klesse,499-83-9698,WAUVFAFH8DN762067
8888090563,Pammy,Sanbrooke,375-77-4215,WA1WMBFE9DD949164
8888090564,Fletch,Cansdall,271-91-4085,1G4GE5ED1BF003283
8888090565,Gloria,Burgan,591-08-9400,1G4GD5ER4CF635971
8888090566,Heriberto,Minghella,875-72-3516,WBAYA6C53DC294957
8888090567,Web,Magauran,816-60-4366,4A31K5DF8CE593248
8888090568,Tiff,Hewes,442-28-2979,1D7RE5GK3AS537261
8888090569,Dorette,Jesty,247-56-1907,JM3TB2BA3F0508357
8888090570,Arlyne,Gusticke,894-70-7609,1FMCU5K33AK392007
8888090571,Karol,Allwell,773-59-7686,1GTC5LF9XB8059955
8888090572,Jamey,Reilly,814-66-5693,1GYS4CEF6DR376841
8888090573,Benni,Mitchley,707-43-0121,2C3CA4CD6AH422601
8888090574,Forster,Bartelet,739-41-7261,WP0CA2A85FS906183
8888090575,Melinde,Judron,689-93-1893,1G4GD5ED5BF226025
8888090576,Jane,Crutcher,731-63-3157,WAUSF98KX9A778263
8888090577,Jesse,Brooks,350-70-1416,WBAEJ13451A553307
8888090578,Berne,Rubenchik,899-79-2595,WBAPK5C57AA051985
8888090579,Minnie,Ridges,587-33-5227,3GYFK66N46G431403
8888090580,Haze,Lally,222-30-0188,1C3CDFDH9ED311161
8888090581,Cheryl,MacDowall,343-93-4526,5N1AA0NC2FN495510
8888090582,Riva,Surguine,488-52-8611,WVWAA7AJ6CW120517
8888090583,Aurelia,Rodolphe,358-38-4348,WAUFEAFM6CA991597
8888090584,Skyler,Yonnie,537-18-3309,WAUDFAFL2DA308081
8888090585,Lock,Mulvenna,624-31-4154,WAUDK78T89A708973
8888090586,Tadeo,Iglesia,867-93-1722,JH4CL95996C287134
8888090587,Olivia,Rimer,359-48-0436,WBAYB6C54FG159298
8888090588,Avrit,Silverthorne,117-68-1974,1G6D25EY6B0419516
8888090589,Urson,Potteril,830-77-1233,SAJWA1CB4CL676076
8888090590,Hewe,Jerman,834-44-1283,SALSF2D4XBA438062
8888090591,Tiphani,Maberley,466-87-0343,2T3BFREV6FW724831
8888090592,Erwin,Cunio,835-07-9477,1G6DH8E56C0834276
8888090593,Traver,Tremberth,315-15-6022,1D4PU7GX8BW259112
8888090594,Felicity,Spire,194-96-9882,JN1AZ4FH1FM478172
8888090595,Mabelle,Camlin,202-56-7398,1N6AA0CA3BN584032
8888090596,Analiese,Babe,702-68-0886,WBAWV53578P880260
8888090597,Ambros,Gotobed,464-99-3368,JA32X2HU1CU525703
8888090598,Ulysses,Burtonwood,531-23-0073,1N6AF0KY3EN645223
8888090599,Peyton,Siemens,799-25-4606,WBA3V7C50EJ203418
8888090600,Wynny,Ettritch,576-37-1953,1G6DJ1ED6B0944164
8888090601,Kristal,Greenough,777-50-7459,1N6AA0EC2DN038484
8888090602,Bevon,Goodbur,389-07-5408,2C3CCAAG0EH317175
8888090603,Mitchell,Muzzlewhite,863-15-7028,1J4AA2D10BL045127
8888090604,Antonietta,McDaid,571-81-9291,3C6LD4BT1CG608424
8888090605,Lula,Brockie,210-33-6812,KMHCM3AC8BU291740
8888090606,Katinka,Matterface,697-22-1854,WBAYF8C53ED793170
8888090607,Eleonore,Clutheram,196-65-2913,WBABN33423J611167
8888090608,Monique,Saller,446-49-1026,WAUUL78E85A457350
8888090609,Carmela,Rosander,649-67-7328,1FTMF1E8XAF083839
8888090610,Egor,Pole,326-42-1913,WAUFFAFL6CN833970
8888090611,Gayle,Doag,413-11-2175,5N1AA0NC5EN839362
8888090612,Brett,Blacklawe,380-65-8187,5N1AN0NW9FN755142
8888090613,Kory,Rivelin,279-76-6027,1FMCU9D71AK410737
8888090614,Donetta,Hazeley,296-69-5737,WAUDF58E25A527033
8888090615,Albina,Antuoni,710-93-1347,3GYFNCE35CS797918
8888090616,Jefferey,Wasiel,268-82-8243,5UXFG43568L654997
8888090617,Harley,Murkin,512-26-8924,WAUFGBFB4AN328243
8888090618,Doroteya,Wheowall,726-50-2846,WVGAV7AX0AW188362
8888090619,Bert,Brydie,572-71-1557,1D4PT5GK0BW778683
8888090620,Yasmin,Attenborrow,512-03-5450,1FTMF1E87AK398346
8888090621,Lolita,Dicke,722-45-0571,WBSBR93444P111299
8888090622,Rodrigo,Igounet,820-62-9772,WAUGL58E95A472795
8888090623,Gillian,Helsby,771-69-9115,2D4RN6DX7AR759211
8888090624,Leonanie,Ingrey,714-27-5590,1N6AF0KY8FN334792
8888090625,Mauricio,Verney,623-66-8739,WBAYE0C56ED322456
8888090626,Fidel,Mangin,165-15-4380,1N4AB7AP9EN896351
8888090627,Waly,Easby,704-99-3007,1GYS4RKJ3FR523390
8888090628,Foss,Gurnell,542-15-6303,WAUDL94F25N851199
8888090629,Lucinda,Quinevan,171-29-0298,2C3CCAKG8EH227447
8888090630,Marena,Fenlon,160-63-0176,3C4PDDEG8ET382014
8888090631,Delcina,Mariotte,232-33-8211,WBAKF5C55DE085614
8888090632,Cullan,Grigsby,790-84-4364,SALAC2D40AA635910
8888090633,Chaddie,Firle,857-06-2013,2C3CCAPG2DH521059
8888090634,Cassandry,Kimble,530-47-1873,2FMGK5CC0AB318981
8888090635,Dimitry,Kunes,359-80-7060,JH4DC53843S713028
8888090636,Robinson,Harcarse,161-44-3056,WA1UFAFL6FA454340
8888090637,Dulci,Manns,716-61-5746,1GD22ZCG0DZ736224
8888090638,Anissa,Denisovo,466-46-3650,WA1YL64B64N782221
8888090639,Rice,Erbe,875-48-7066,WBAAV33491F330639
8888090640,Kristi,Badman,621-12-6253,1G4GB5GR2FF345204
8888090641,Allianora,Marqyes,341-21-7473,5TDBKRFH3ES969915
8888090642,Adi,Lyford,382-59-9580,WAUAF98EX7A323156
8888090643,Raphael,Coger,747-50-3809,1G6AD5S39E0689270
8888090644,Douglas,Croxford,858-18-2566,JTHBF1D29F5561655
8888090645,Dacy,Jarrad,113-25-2785,JM3ER2W31A0031632
8888090646,Jacklin,Edes,452-39-9112,1FTMF1EW4AK296369
8888090647,Caesar,Smullen,697-16-3307,WVWAN7AN9DE016487
8888090648,Jere,Crudgington,128-40-1680,WBASN2C58DC315580
8888090649,Erma,Hembery,117-44-7150,5N1AT2ML9FC771202
8888090650,Dwain,Filer,576-34-2070,5UXWX9C50E0886974
8888090651,Yard,Knyvett,552-47-4528,1GD022CG6CZ274927
8888090652,Niccolo,Heijne,516-01-4782,SCFFDAAE6CG429123
8888090653,Harald,Scemp,149-33-2114,JM1GJ1T59F1370648
8888090654,Marillin,Goldes,608-02-3135,SCFEDCAD2BG361366
8888090655,Gilbertina,Pirri,727-23-4218,1GTC5LF93B8305292
8888090656,Teriann,Blaksley,893-63-2073,1ZVBP8AM7E5204984
8888090657,Anselm,Fuxman,521-52-4540,WBADT63431C706659
8888090658,Mathilde,Galia,724-67-0431,3GYFNCE31FS502267
8888090659,Juliane,Brewer,647-64-0758,5UXWX7C50E0384972
8888090660,Ginnifer,Borrowman,409-62-0933,JA32X8HW7CU745478
8888090661,Tricia,Levin,420-12-0079,1G6DK8E39D0149531
8888090662,Cy,Bodiam,585-77-5122,1FTEX1CM6BK909323
8888090663,Jacinthe,Norrie,502-62-2114,19XFB4F30EE361661
8888090664,Jemima,Bereford,612-16-7908,2LMDJ6JKXFB950326
8888090665,Orv,Wickliffe,843-08-8563,1G6DD8E33E0673107
8888090666,Henderson,Snelgrove,620-22-7632,WBA3K5C51EF912651
8888090667,Gerta,Ysson,365-32-6420,WA1BY74L57D160208
8888090668,Percy,Sisey,696-13-2733,1G4CU541144007924
8888090669,Giuseppe,Keymer,300-02-3873,WAUKH98E08A487516
8888090670,Tracee,Bulfoy,259-69-3569,JN1AZ4EH3CM000400
8888090671,Janessa,Dybell,278-42-2954,1GYFK46818R180325
8888090672,Rem,Coger,218-70-3404,1FTNF1E89AK575337
8888090673,Didi,Stansall,867-71-9651,WAUPL58EX5A189192
8888090674,Nolan,Escoffrey,291-74-1453,YV1952AS9E1888537
8888090675,Dot,Oliphard,449-14-8835,4A4AP3AU8EE531307
8888090676,Talyah,Saynor,816-24-7582,JTHBL1EF5B5703388
8888090677,Jocelyn,Garratt,417-43-8637,WBA3B1C54FK704376
8888090678,Shamus,Poulsom,386-73-8182,2G4WS52J041571873
8888090679,Tanney,Walewicz,614-07-5578,5GADX33L56D352837
8888090680,Ermentrude,Dobbyn,670-08-8561,WAUNG94F59N863605
8888090681,Val,Titchener,838-98-8863,1N6AD0CU0AC822821
8888090682,Christabella,Keighley,732-36-2295,JH4DC548X3S378436
8888090683,Maximilianus,Lapides,811-28-2083,3FADP0L32BR251033
8888090684,Ardene,Izatson,140-17-4098,3C6JD6DK8CG059053
8888090685,Derril,Starie,755-75-8893,WAUDF98E67A352845
8888090686,Addie,Polleye,102-48-4474,5TDBW5G14DS179701
8888090687,Esmaria,Walworth,263-23-1816,1G6AM5S39D0061529
8888090688,Olin,Laye,437-12-3089,WVWAN7AN5EE599738
8888090689,Cherie,Ivanaev,769-81-5106,3C3CFFJH1FT882945
8888090690,Dunstan,Hoodspeth,648-98-4121,4T1BB3EK5BU393144
8888090691,Lilla,Cuseick,557-55-0252,WA1AV74L17D133088
8888090692,Arline,Fearfull,802-12-8039,WAULC58E95A031490
8888090693,Willa,Keneleyside,870-86-9416,WBANE73587C773084
8888090694,Gaile,Sarfat,160-24-5236,WAURFAFR2CA200259
8888090695,Karleen,Meadway,231-44-9300,WBASP4C5XAC429565
8888090696,Thomasine,McKew,507-69-7146,SCBLC43F65C141515
8888090697,Alexandra,Chetter,596-45-3935,5TFAW5F16EX725391
8888090698,Keane,Jephcott,168-14-2599,WBAYB6C57ED505327
8888090699,Burg,Teese,101-75-6430,JN1EY1AP2EM500826
8888090700,Valene,Klaggeman,724-79-8794,WBAFR7C57DC657444
8888090701,Abner,Wallworke,231-32-4557,5N1AA0NE4FN457794
8888090702,Teresita,Balazin,724-91-7874,WAUKF78E56A462019
8888090703,Sibylle,Stuchburie,849-19-9512,1G6DZ67A080950415
8888090704,Sonja,Peyzer,413-03-0260,JN8AZ2NC5C9052222
8888090705,Philippine,Sudlow,682-77-4806,1D4RE4GG6BC320303
8888090706,Rebecka,Ladbrook,634-91-8235,KMHFH4JG3FA571826
8888090707,Fawn,Ure,824-20-2246,1N6AF0KX3EN289329
8888090708,Olva,Thunderman,583-54-9158,WAUJT58E72A914541
8888090709,Ashla,Dooland,331-15-5684,TRUSX28N311505130
8888090710,Bibi,Broun,233-96-6797,1G6AH5S36E0779464
8888090711,Melisande,Thoumasson,115-19-6542,3C3CFFAR1DT953048
8888090712,Flory,Kingdon,124-74-5115,WBAEA5C56AC872364
8888090713,Simeon,Ciementini,627-76-8122,JTMHY7AJ1A4942113
8888090714,Esta,Beathem,493-67-6002,1FTEW1E8XAK241236
8888090715,Abbey,Petrak,364-64-0349,WAUSG74F89N959574
8888090716,Felice,Monshall,314-88-8436,1FTEW1CF9FK609172
8888090717,Vivian,Hallick,333-88-4367,1D7RW3BK1BS997433
8888090718,Ritchie,Semmence,120-84-7749,JN1BV7AP0FM349159
8888090719,Prudi,Allerton,678-73-8929,WAUVC58E05A954093
8888090720,Desmond,MacCambridge,208-51-7187,WBAEH73484B644004
8888090721,Shep,Liverock,619-46-9863,JTHBL5EF3D5834829
8888090722,Bianka,Hartle,218-90-9394,5N1AN0NU0CN023248
8888090723,Willow,Gager,411-48-1852,WAUAF48H67K566860
8888090724,Laural,Haxby,853-76-9326,WAUJFAFH2DN127134
8888090725,Katine,Mogg,679-83-5524,1G6DM8EV0A0553891
8888090726,Astra,Macartney,538-76-0736,WP0AA2A92FS382667
8888090727,Grange,Loomes,808-40-1318,1G6YV36A695051768
8888090728,Lothario,Charlson,286-49-0879,3C6LD5AT0CG981168
8888090729,Hesther,Entwistle,570-17-1869,1FTSW3A5XAE399634
8888090730,Derrik,Benedicte,371-81-7218,WBA3B9G56FN060225
8888090731,Janaya,Kenworth,562-46-9184,5YMKW8C5XF0331147
8888090732,Worthington,Skim,446-36-3152,1C4PJLAB6EW742971
8888090733,Tymon,Behan,743-55-9228,WBS3R9C53FK221483
8888090734,Arman,Lapree,892-60-7285,JN8AZ2KR4ET703449
8888090735,Analiese,Marsland,688-46-7033,WAUEG74F76N300037
8888090736,Raeann,Ellif,703-51-8592,WAUDGAFL5DA070269
8888090737,Evelyn,Millimoe,133-87-4330,3N1CN7AP0FL555144
8888090738,Osmond,Taggart,680-60-6460,3C3CFFER4CT908338
8888090739,Leontyne,Baert,830-59-4647,5N1AZ2MH5FN543163
8888090740,Coreen,Greatland,539-20-9964,KMHGH4JH4FU360694
8888090741,Corissa,Hendricks,109-35-0219,4T3BA3BB3CU411107
8888090742,Cyrille,McPhelim,159-47-9983,1G6DJ5EY5B0697598
8888090743,Tarrance,Kilkenny,569-90-0988,KMHGH4JH5FU106413
8888090744,Tull,Pinkstone,636-34-3060,1G6AB5RX0F0357802
8888090745,Bastian,Gandy,319-16-4278,2G4WB52K031440191
8888090746,Ramsay,Runciman,382-62-1200,1GTCSBD97A8515284
8888090747,Hollie,Rickell,601-30-3554,3N1AB7APXFL065083
8888090748,Morgun,Hanhardt,822-41-4955,WAUSF98E56A650406
8888090749,Vanna,Leyes,629-04-8791,JN1CV6AP4BM818522
8888090750,Ezmeralda,Seagrove,374-66-8174,WUARU98E47N766345
8888090751,Brandice,Print,289-45-3457,WAUD2AFD1EN710429
8888090752,Jeramey,Bliss,511-67-3301,WBAUU3C56AA761462
8888090753,Gibbie,Tukely,682-97-3989,19UUA9F22BA908590
8888090754,Germaine,Volage,759-28-5476,WP1AB2A26FL498802
8888090755,Fernando,Kovelmann,396-81-6443,JN8AS5MT1BW524455
8888090756,Armstrong,Althorpe,501-12-3155,1GYS3CEF6DR039041
8888090757,Joye,Stobbe,435-79-9776,WAUML44E26N192116
8888090758,Carleton,Seivertsen,832-87-3415,WAUKFAFL7EA266984
8888090759,Quintus,Gudgin,138-03-7407,WVWAN7AN9DE926575
8888090760,Erek,MacBrearty,142-85-3669,1GKKRNED2CJ797359
8888090761,Claudia,Cullingford,374-11-4481,SCFAB223X1K976425
8888090762,Alejandrina,Ketton,161-22-9448,1B3CB8HB5BD857939
8888090763,Vince,Foot,547-24-2381,1G4GD5ED1BF143420
8888090764,Kahaleel,O'Reilly,762-28-7108,5NPDH4AEXEH136710
8888090765,Micaela,Lebond,793-96-0908,WDDLJ7DB3CA920367
8888090766,Tabby,Edgworth,567-20-1551,WA1LMBFE1ED979103
8888090767,Roth,Ludy,864-53-1970,WA1DGBFP0DA571074
8888090768,Win,Bertot,717-46-4862,WBAYA8C50DD925914
8888090769,Scottie,Kendred,290-12-5919,WAUKFAFL4CN464153
8888090770,Rodina,Sloat,754-80-7573,2B3CA2CV0AH989736
8888090771,Laverne,Cottam,882-98-9251,WA1WKAFP1AA986899
8888090772,Zack,Bredee,649-50-3552,WDDGF4HB2DG518642
8888090773,Felipa,Ganiclef,326-04-8329,1GYFC56289R845043
8888090774,Raquela,Crush,775-44-5839,WVGAV3AX7EW455849
8888090775,Titos,Werrit,162-20-1431,1FTSX2A55AE839086
8888090776,Crysta,Firsby,483-91-7481,SCFFDABE3CG592729
8888090777,Maxwell,Pfertner,855-37-6829,1GYS3GEFXBR217697
8888090778,Jake,Ortsmann,476-64-7512,2HNYD18764H311586
8888090779,Belia,Schenkel,166-55-0684,1GKS2FEJ1CR700735
8888090780,Allie,Harback,578-77-6152,2C3CDXJG3EH556056
8888090781,Ketti,Klementz,145-38-5031,5TDBY5G13DS954287
8888090782,Barry,Greatreax,745-54-2855,WAUBF78K49N675739
8888090783,Farr,Pretorius,639-46-9481,WAUMGAFLXDA575174
8888090784,Marlie,Scranedge,549-31-1315,JTHBE5C21B5615665
8888090785,Roman,Dulinty,386-27-0104,JN8AZ2KR9AT777900
8888090786,Rhys,Divers,827-12-0660,WAUVC58E12A767070
8888090787,Bertha,Sadd,745-75-3528,3C63DPNL8CG955312
8888090788,Saraann,McQuarter,824-94-0741,5XXGM4A71CG257256
8888090789,Kerrie,Abrahamson,426-71-0466,WBA3B3C58DF083273
8888090790,Celestyn,Hoffmann,267-98-8932,WA1KK98RX9A684499
8888090791,Giusto,Demonge,593-03-6151,5GAKRBKD9EJ665637
8888090792,Rickert,Siggery,260-90-7697,1FTWX3B51AE891126
8888090793,Albie,Riteley,602-22-6893,JN1AZ4EH8BM968782
8888090794,Kay,Dixon,557-90-1479,1GYFK532X9R524239
8888090795,Ardath,Pleaden,462-61-7406,1N6AA0EC2EN288129
8888090796,Vic,Fantin,662-08-9966,JTEBU4BF6AK174999
8888090797,Adolph,Canti,265-13-2447,JN8AF5MR8DT038285
8888090798,Elena,Trasler,254-38-8474,1FMCU4K38BK028824
8888090799,Thorstein,deKnevet,185-86-7379,JN8AS5MT7DW899124
8888090800,Janos,Rouse,793-65-8018,SCBLC31E02C016350
8888090801,Abagail,Rillatt,674-74-8172,3D73M3HL8BG871198
8888090802,Mata,Winspear,729-20-3004,WAU2MAFC4FN763524
8888090803,Ardyth,Entreis,627-93-6785,1G6KF54981U607239
8888090804,Lianna,Gosforth,385-40-5032,1G6DG5E54C0140171
8888090805,Miguel,Jacqueme,865-50-3866,SCBLE47K28C087488
8888090806,Joby,Boxe,159-25-0626,5J8TB3H5XGL843237
8888090807,Gena,Tock,794-64-3971,WBAUN1C57DV136356
8888090808,Andee,Pinnijar,519-78-5110,1FMJU1G53AE513689
8888090809,Sanderson,Gerriets,312-20-4457,WBAAN37441N061126
8888090810,Benjy,Bundock,758-06-9914,4T1BF1FK5CU753294
8888090811,Tabatha,Kincade,459-71-4149,ZHWGU5AU7CL748434
8888090812,Karla,Menloe,527-40-6022,2C4RDGCG9FR586340
8888090813,Hall,Dingsdale,400-19-6251,KMHTC6AD1DU375396
8888090814,Giulia,Dodding,810-69-6938,3TMJU4GN1BM105633
8888090815,Kimberlee,Ramberg,791-89-2286,5UXKS4C51F0455142
8888090816,Von,Gimbart,428-65-7258,WAUVFAFR6CA275867
8888090817,Joelly,Rengger,581-57-8512,1N4AL3AP7DC775687
8888090818,Viviana,Palfreeman,169-91-1591,JN8AE2KP5B9503084
8888090819,Darci,Mickleburgh,294-31-2586,WAUHF98P28A647557
8888090820,Jodee,MacDunleavy,762-20-2891,WAUPEAFM8CA958248
8888090821,Dennet,McAllan,620-27-8189,1G6DP577450700045
8888090822,Albina,Louder,363-26-3581,5N1AN0NW5DN858359
8888090823,Brenna,Carlton,806-76-6095,5UMBT935X6L496620
8888090824,Danica,Mion,262-08-4548,WAUAF78E76A356439
8888090825,Phedra,Purshouse,131-46-9467,2LNBL8CV8AX847191
8888090826,Urbain,Jillis,168-77-0913,2G61T5S38F9795316
8888090827,Chelsy,Cunradi,236-37-5429,SCBCR73W77C790355
8888090828,Alain,Elsop,735-99-9861,5TDDK3DC1DS229047
8888090829,Lynne,Jeffs,724-49-6282,2C3CCAGG9FH022939
8888090830,Gordan,Rolance,140-65-1341,5J8TB182X9A772114
8888090831,Rey,Esler,762-15-2683,1FTWX3B58AE178644
8888090832,Mick,Torricella,767-76-2397,1G6DK5E3XD0403455
8888090833,Raynor,Ramelot,674-18-2881,WAUMGAFL7EA500062
8888090834,Garald,Belding,358-52-4940,1GYFC16229R420331
8888090835,Cale,Bachnic,865-93-1355,5N1AA0NE3FN090502
8888090836,Thea,Bacher,385-07-2712,WBANW53508C166101
8888090837,Kin,Tollfree,605-91-1141,WBA3C1C54FK567632
8888090838,Lyell,Restieaux,848-28-4147,WAUDFBFL4AN128644
8888090839,Creigh,Snead,397-95-4313,3C3CFFCR2ET135858
8888090840,Gustaf,Aprahamian,590-74-0986,3D7TP2CTXAG685332
8888090841,Huntley,Garrigan,634-50-4119,WVGEF9BP1FD447694
8888090842,Kerrin,McMenemy,204-14-1858,JN8AF5MR1FT433105
8888090843,Pembroke,Wagg,171-03-2208,2HKRM3H34DH701838
8888090844,Madlen,Honig,398-45-1398,1C6RD7LP3CS266173
8888090845,Verena,Gambles,427-88-6927,KMHEC4A41BA744513
8888090846,Bamby,Veevers,714-68-4685,1G6D25EY0B0508790
8888090847,Nessi,Swanton,859-98-5947,3G5DB03L26S830831
8888090848,Quinlan,Mawtus,719-75-8486,1G6AG5RX9F0667254
8888090849,Devland,Clifton,805-78-8378,WDDHF0EB7EA019941
8888090850,Ashlen,Bloschke,713-14-2603,19UUA76617A447736
8888090851,Kaela,Arbuckle,705-03-2269,1G4GA5EC0AF879876
8888090852,Melanie,Elsey,472-99-4648,SCFAD02A56G626692
8888090853,Jolynn,Britch,166-52-4206,JN8AS5MT3BW135042
8888090854,Skip,Abdy,761-37-5281,WAUSFAFL2CA204034
8888090855,Nettie,Jurzyk,857-98-7190,1G6AL1R36F0224481
8888090856,Ashton,Fayne,829-12-4894,WP0CB2A83FS183625
8888090857,Randee,Bimrose,498-06-6773,5UXKR2C58F0949532
8888090858,Micki,Dubery,374-53-0509,WVWAP7AN0EE949822
8888090859,Georgie,Vannah,360-61-7889,WBA3B5C55EF297683
8888090860,Simeon,Readie,887-88-8942,1G6AT5SX7E0168053
8888090861,Yorgo,Wrathmall,382-15-6708,1G6KE54Y82U746024
8888090862,Carolee,Maddrah,325-93-3471,YV1672MK0A2836789
8888090863,Norton,Bowcock,797-60-7043,WA1CV94L59D649476
8888090864,Nalani,Combe,847-05-0550,3GYVKLEF0AG433596
8888090865,Wit,McGloughlin,493-93-5927,JTJHY7AX8F4279454
8888090866,Gare,Cockerill,314-14-1150,5NPDH4AE4DH349876
8888090867,Ezmeralda,De la Zenne,829-07-7815,3N1AB7AP2FL891572
8888090868,Ruperta,Beddoes,686-06-3603,WAUXU54BX2N530491
8888090869,Leslie,Nolte,418-06-9242,SCBFU7ZA2DC450503
8888090870,Ahmad,Prinn,543-84-0693,2T1BPRHE1FC455219
8888090871,Manon,Fitzsymons,509-71-3627,4JGBB2FB6AA769553
8888090872,Barry,Stanlack,175-17-5999,WDDGF4HB0DG604371
8888090873,Ben,Canfield,853-36-2025,JN8AE2KP7E9730569
8888090874,Lanita,Swanne,317-78-5903,3N1AB7AP6FY246071
8888090875,Joshua,Sommers,893-72-1816,JH4CU26669C714251
8888090876,Ingram,Iskov,166-89-6209,WAUFGAFB9BN613242
8888090877,Kennan,Durrance,362-11-5877,YV4952BL5E1314527
8888090878,Ketti,Bolingbroke,118-26-8961,5FPYK1F40DB248468
8888090879,Corey,Polding,565-33-1677,WBAAV53481F489034
8888090880,Tull,Sumshon,846-26-1151,1C4RJEAG2FC327729
8888090881,Rutter,Pavkovic,617-09-4099,WBA3C3C51FP502090
8888090882,Katerina,Grigor,582-70-9489,SCFBB04C39G121134
8888090883,Dulcinea,McGibbon,212-75-8875,WA1CGAFE2ED309836
8888090884,Laurence,Fasse,187-45-4440,1N6AD0CU8FN948453
8888090885,Kitty,Gruczka,572-69-9543,5N1AA0NC8DN437382
8888090886,Tabbie,Ottam,563-86-6011,5XXGM4A72FG675023
8888090887,Halimeda,Aldersea,228-88-4817,1C3CCBBB1DN432172
8888090888,Bentley,Rivallant,462-57-9687,1G4GA5GR7FF190247
8888090889,Adrea,Grundon,221-30-7033,3N1CE2CP5FL059501
8888090890,Powell,Atteridge,432-10-9908,ML32A3HJ5EH722791
8888090891,Maible,Brusle,296-88-7675,JHMZE2H30CS546114
8888090892,Brita,Scothern,419-10-5495,WAUFEBFM6CA917103
8888090893,Rustin,Bereford,135-91-1349,1G6DH8EY5B0000945
8888090894,Mirabella,Boulter,692-99-4487,5UXFG2C53DL474276
8888090895,Amabelle,Tippell,669-20-5462,2G4WC552961015677
8888090896,Dominica,Girth,784-93-7823,WA1BY74L09D817578
8888090897,Kylie,Scolts,237-51-2183,4USFE43587L319837
8888090898,Gunner,Dinneen,711-35-2016,4T1BF3EK7BU594919
8888090899,Farrah,Downage,836-40-8359,5UMBT93558L247239
8888090900,Emilio,Dreakin,587-74-4587,5NPEB4AC7BH519083
8888090901,Suzanne,Dinning,488-37-7054,WA1AY94L29D844806
8888090902,Kikelia,Fitzackerley,722-46-5754,WA1VMBFE1AD774433
8888090903,Abbi,McGaugey,365-86-9950,WAUKG78E46A817453
8888090904,Bronnie,Sweet,465-91-2144,1GYS3GEFXCR937972
8888090905,Lexy,Le Claire,333-65-4876,WAUUL78E08A337689
8888090906,Marget,Revell,617-13-7867,3VWF17AT9FM200239
8888090907,Bell,Barnaclough,123-97-8118,1N6AD0CU2EN066435
8888090908,Elnore,McKag,375-18-3604,WA1CFAFP0FA946358
8888090909,Novelia,Ciccoloi,380-22-6147,WAUVF78K89A656907
8888090910,Ring,Munks,829-55-9226,19UUA56953A075424
8888090911,Arlen,Hackleton,766-19-1116,3C3CFFER6CT511505
8888090912,Beale,Dehmel,383-23-9930,WBA4C9C54FG766962
8888090913,Wallas,Maingot,726-52-4095,1GD21XEG9FZ030635
8888090914,Dalis,Gahan,720-46-1327,SALVN2BG4FH574066
8888090915,Bobbye,Mackiewicz,407-76-4163,KNDJT2A19A7658424
8888090916,Kurtis,Argabrite,299-02-7188,SCBDC47L27C061412
8888090917,Koenraad,Sterling,801-72-7520,1YVHZ8BH8C5432220
8888090918,Ferne,Ickowics,875-32-6760,1N6AA0CH4EN037224
8888090919,Andreana,Satchell,172-62-2071,1G6DM5E35C0647815
8888090920,Melba,Erasmus,112-44-8162,2G4GT5GX6F9200414
8888090921,Edvard,Mozzetti,372-87-6812,5FRYD4H60GB763184
8888090922,Alexis,Urlin,756-13-1389,3VW507AT8EM807858
8888090923,Drucy,Clewlowe,848-68-2378,2G61M5S34F9374996
8888090924,Noelyn,Ladson,383-68-6525,WVGAV7AX8AW571420
8888090925,Norry,Dufton,703-74-1160,WAUEF78E26A525221
8888090926,Byran,Drivers,787-38-1748,1G6KA5E62BU324162
8888090927,Delaney,Mushett,373-54-7847,1FTEW1CW2AK136322
8888090928,Jermayne,Sexcey,278-17-5626,WBAPH73579E563924
8888090929,Tim,Stenton,180-78-7049,2G4GN5EC7B9562238
8888090930,Yoshiko,Gravie,525-02-7954,JN8AZ1MU0AW618807
8888090931,Derek,Pedden,722-64-7129,JHMZE2H72ES440947
8888090932,Jermaine,Marchington,720-61-8009,1G6DC5E59C0109428
8888090933,Margalo,Bing,105-76-2709,3D7TP2HT0AG536839
8888090934,Fidela,Blasetti,799-44-0451,JN8AS5MT6BW870789
8888090935,Demetra,Brandon,480-86-6942,3GTXKYEJ1AG268075
8888090936,Nicolle,Rubinov,295-99-9271,JN1AZ4FH6FM989327
8888090937,Guss,Dawby,398-12-8087,WAUEF48H98K476539
8888090938,Drugi,Rawcliffe,434-18-2675,2T1BPRHE4FC775862
8888090939,Elysia,Graalmans,387-75-7826,5YMGY0C58D0850356
8888090940,Hansiain,Drakeford,602-21-4069,WA1WKBFP7AA012494
8888090941,Evangelin,Tranfield,880-54-3768,JH4CU2F69BC439075
8888090942,Maddy,Woodruffe,288-03-8191,WAU4FAFR7AA033761
8888090943,Gabriellia,Charleston,814-79-5109,1G6AM5SX0D0268684
8888090944,Ingemar,Pinnegar,675-96-4993,WVGAV7AX0CW085400
8888090945,Rubetta,Loosely,501-26-5946,JN1AZ4EH1BM092038
8888090946,Forbes,Tunaclift,866-36-8955,WAURD68D11A007859
8888090947,Stanislaw,Gilloran,292-42-4244,1G6AB5SA9E0531760
8888090948,Darnall,Kite,216-28-3257,KMHD35LH4FU687469
8888090949,Milly,Toolin,131-47-3996,JM1NC2LF3C0887686
8888090950,Donella,Darkins,213-92-5680,5UMDU93416L350491
8888090951,Blondell,Domoni,285-47-7474,WBAFR7C5XBC367261
8888090952,Dena,Wroth,404-68-8236,5XYKT3A15BG393581
8888090953,Dennie,Woodgate,780-31-2647,WBABN33481J865267
8888090954,Genevra,Goldsbrough,433-75-8505,SCFEBBCFXCG685987
8888090955,Judy,Kopke,558-70-0849,1GKMCAE3XAR917434
8888090956,Kelly,Palek,386-74-8558,1GD02ZCG6EF671082
8888090957,Madeline,Solano,380-65-3958,1G6EL12Y41B275269
8888090958,Ree,Wardingly,404-97-8757,KNAFX6A85F5780552
8888090959,Lorinda,Brawn,745-96-3681,WBA3G7C59EK527889
8888090960,Rock,Loads,536-48-2039,2C3CCAEGXEH560292
8888090961,Janot,Bussel,544-80-7054,JTHBW1GG4E1723155
8888090962,Had,Ciric,489-62-7215,1N6AF0KYXFN353103
8888090963,George,Braznell,350-10-2089,2HNYD18934H338374
8888090964,Annemarie,McGarrahan,253-97-4169,W04GY5GV8B1725312
8888090965,Karoline,Reyburn,581-53-9140,1G6AE5SX1F0902293
8888090966,Fifine,Revel,545-47-2984,WA1LFBFP5EA655021
8888090967,Jan,Moylan,830-88-9838,WAUKF78E88A810950
8888090968,Clayton,Bees,272-54-0110,3FAHP0DC9BR753876
8888090969,Glennie,Fatscher,201-26-3020,WDBSK7BA4CF301095
8888090970,Irene,Dabourne,480-18-9615,5N1AR2MM8DC027885
8888090971,Glynda,Menco,614-80-2386,WAUWFAFL0BA687541
8888090972,Venita,Worcester,853-42-4718,1G6DD67V780606422
8888090973,Moll,Bassill,793-08-6327,JN8AE2KP0B9222942
8888090974,Mella,Blamphin,314-82-3133,1GT020CG9EF177685
8888090975,Clementina,Olner,322-07-9241,SCFHDDBT6EG207093
8888090976,Allsun,Henbury,409-39-1809,WBA3N5C54EF830999
8888090977,Emmerich,Humphries,155-90-5073,5GAEV13748J445029
8888090978,Linnie,Leckie,844-11-0553,5GADV33W57D245823
8888090979,Vaclav,Duffill,669-76-4553,5YMGY0C55AL981674
8888090980,Darrelle,Piperley,179-93-9240,WBS3R9C5XFK442465
8888090981,Twyla,Meynell,117-81-4935,4USBT53505L686755
8888090982,Madelon,Leverette,698-68-9933,TRURD38J681425230
8888090983,Koressa,Rigate,532-77-9570,WDBWK5EA1BF192353
8888090984,Amalle,Sorrel,496-04-8031,1FT7W2A65EE809416
8888090985,Matias,Woolnough,882-36-5575,3D7TP2CT7BG433930
8888090986,Marja,Fraine,339-70-0479,JM1BL1L30C1973454
8888090987,Shannon,Patemore,574-30-1727,JH4KC1F36EC237264
8888090988,Wash,Ben,552-19-7958,KMHEC4A43DA432891
8888090989,Annabella,Crofts,366-04-0363,1FTWW3A58AE144627
8888090990,Eolanda,Pendrill,355-88-3335,1N4AL2AP6BN705125
8888090991,Corliss,Sholem,348-66-2631,WAUFFAFM2CA192817
8888090992,Raoul,O'Canavan,395-06-5642,1N6BF0KL0FN916913
8888090993,Kliment,Downer,764-84-8715,1HGCP2F34AA387560
8888090994,Ozzy,Trivett,572-30-9375,2G4WS52J511074832
8888090995,Birch,Esel,451-33-8898,4JGDA2EB6DA273010
8888090996,Aksel,Argente,396-60-9042,19UUA65635A361370
8888090997,Merrick,Blaksley,130-28-5762,5J8TB2H20CA974098
8888090998,Lurette,Gabel,267-16-7017,WAUHGAFC9EN463851
8888090999,Vincents,Duckinfield,854-83-3151,2C3CDZAG2FH415539
8888091000,Charlot,Noir,219-11-1770,JH4DC54866S000070
8888091001,Aloysius,Sperling,576-47-3158,WBSBL93444J606610
8888091002,Jobey,Eastbrook,633-03-5947,WAUWFAFR9DA241413
8888091003,Cati,Paty,719-73-2212,YV4902BZ3D1628050
8888091004,Townsend,Tebbutt,594-17-6123,WAUJC68E52A915774
8888091005,Chrotoem,Turbat,109-17-1087,WDDLJ7DB5CA993904
8888091006,Calley,Whitcher,353-83-9593,W04GV5EV6B1264347
8888091007,Rob,McMurraya,675-36-8555,WBAYM1C58ED872816
8888091008,Webb,Beard,510-81-1244,1HGCP2F30AA812109
8888091009,Benji,Dorkens,274-40-4550,WBADS43413G163959
8888091010,Ingrim,Bould,242-11-7026,WBAXG5C51CD811492
8888091011,Herman,Trownson,854-91-3180,5GAKVAED1CJ324070
8888091012,Hoebart,Percy,603-54-0165,5UXFG8C54AL136772
8888091013,Alfy,Hasnney,224-09-4875,19UUA8F51CA601966
8888091014,Ricardo,Narrie,734-62-5552,4JGBB2FB7AA609004
8888091015,Arielle,Tooting,131-04-5425,2B3CA3CV3AH050067
8888091016,Ruddie,Mazella,597-51-0727,JH4DC54854S605694
8888091017,Gilbertina,Janoschek,317-97-3857,YV1960AS7A1847173
8888091018,Nichole,Blenkhorn,416-11-7942,4A31K3DT2AE590045
8888091019,Cross,Marritt,345-78-9144,JH4CU2F82EC427131
8888091020,Alex,Garrelts,660-05-8278,WAURGAFD5DN967356
8888091021,Filberto,Vowdon,710-10-8795,WBAAX13434P668762
8888091022,Annice,Bertlin,267-37-9344,1FMJK1G5XCE655806
8888091023,Hervey,Garlant,131-02-3261,WBANE53506B515697
8888091024,Marin,todor,312-52-3206,1D7CE3GK9AS506431
8888091025,Anthony,Vaisey,121-27-7408,JN8AZ2NC4B9748374
8888091026,Beverlie,Bunt,224-89-0579,3C4PDCBB9DT876593
8888091027,Yanaton,Dumblton,149-55-2298,5N1AR2MM0FC177427
8888091028,Lindsey,Naisbit,500-23-6654,1G6AJ5SX4D0701061
8888091029,Eveline,Pockett,766-50-3663,2G4WC552961712301
8888091030,Saunderson,Keyte,592-47-9767,JN1CV6FE6DM581302
8888091031,Davin,Rappoport,222-80-1418,KMHHT6KD0AU116480
8888091032,Dilan,Extence,598-24-4412,WBAEV33432K979685
8888091033,Hillie,Paddeley,122-83-0894,JTDBT4K35CL717379
8888091034,Bobbe,Strudwick,336-35-3930,JH4KB16317C379320
8888091035,Bernita,Cominotti,315-23-0954,WAUDF78E15A551772
8888091036,Marline,Maps,328-32-1681,WAUEFAFL6CN302666
8888091037,Zia,Bergstrand,895-23-6752,WA1CKAFP4AA495097
8888091038,Ty,O'Caherny,292-78-4099,WAUAF68E15A367994
8888091039,Antoinette,Lawey,349-92-4034,1N4AL2EP1DC925376
8888091040,Enriqueta,Dobrovolski,220-91-5017,JN8AZ2KR2AT294698
8888091041,Adler,South,197-11-0368,JH4NA12631T185928
8888091042,Margaux,Lingley,523-35-0144,2B3CJ5DT5BH683809
8888091043,Shirline,Byfford,813-12-9752,5TFBW5F15DX257124
8888091044,Free,Paydon,629-49-7580,WAUJC58E33A252538
8888091045,Kore,Uttley,236-26-7054,1D7RE5GK8BS584688
8888091046,Kylila,Pether,180-53-6139,SALGS2TF6FA950492
8888091047,Joelie,Munsey,271-06-3740,WAUKH98E16A435292
8888091048,Viviyan,Gritton,151-43-7480,WDDGF4HB9CR333491
8888091049,Kelvin,Backwell,866-16-0373,1GYS4AEF0DR247255
8888091050,Cathryn,Scrowson,419-49-4135,WAUBNBFB4BN923759
8888091051,Desirae,Segebrecht,380-44-5974,3N1CN7AP1DL382389
8888091052,Eleanore,Zollner,703-56-8737,WBA3D5C50EK189067
8888091053,Ashely,Quinnelly,405-71-6176,WAUFGBFC9DN081511
8888091054,Marmaduke,Roughey,849-07-9081,1FTWX3A5XAE422733
8888091055,Dorri,Tripett,416-03-1541,1D7RW3BK1AS062248
8888091056,Wallie,Girdwood,743-02-0152,3C6TD5JT2CG937530
8888091057,Jo,Marns,152-73-4391,19XFA1F3XAE892491
8888091058,Petrina,Duigan,637-50-9576,2G61V5S83F9366381
8888091059,Yetta,McFadin,285-95-9781,1G6AZ5S35E0172307
8888091060,Sandy,Utton,213-64-7175,WP0CA2A83BU917875
8888091061,Syd,Kerins,351-19-9916,WP0AB2A9XBS367003
8888091062,Del,Stenet,489-63-0595,1N6AF0KXXFN756845
8888091063,Newton,Scolli,269-31-5280,JTDKDTB37F1633572
8888091064,Alfy,Sterley,420-16-8591,WBAVC93537K866232
8888091065,Daniela,Poetz,808-41-2480,3GYVKMEF4AG309126
8888091066,Reiko,Posse,670-87-8997,KNADH5A36A6061543
8888091067,Jodi,Brumby,276-96-8614,WAUBH64BX1N286196
8888091068,Anitra,Firks,275-75-7742,JN1AY1AP9CM134990
8888091069,Horatio,Forder,596-77-3278,TRURD38J181432120
8888091070,Juan,Polly,702-73-0734,SCFAD01A56G094121
8888091071,Zerk,Milmo,345-63-2648,KMHTC6AD9FU483400
8888091072,Zachariah,Salling,228-58-1642,3LNHL2GCXBR669042
8888091073,Kelli,Gorioli,758-82-8203,WAU3GBFC8DN143869
8888091074,Alida,Andryunin,389-14-3925,1ZVBP8AM0B5079502
8888091075,Enrico,Holtham,311-49-9600,KNDJT2A58C7508066
8888091076,Robert,Leupoldt,458-66-1388,1FTEW1CM3EK163288
8888091077,Laurette,Orwin,757-38-8996,19UUA8F38DA974048
8888091078,Joe,Gilhouley,521-50-2753,JN8AF5MV3FT628572
8888091079,Mayor,Khidr,514-45-1443,WBADX7C55BE583262
8888091080,Chadd,Giorio,330-72-9647,5UXZV4C55D0264522
8888091081,Annissa,Huncote,491-56-4237,WAUKG94F36N542001
8888091082,Marys,Geard,527-77-7652,2LMDJ6JK1BB946059
8888091083,Mandie,Rotherham,585-75-7337,3VW467AT3DM412351
8888091084,Marlie,Varley,189-23-8788,WBAUT9C56CA548326
8888091085,Sonni,Shipton,743-50-6917,WA1YD64B84N936649
8888091086,Fabien,Marlon,346-22-1250,3C3CFFCR8DT991907
8888091087,Mendie,Di Nisco,363-88-8382,KL4CJCSB0EB393997
8888091088,Fawne,Thomann,811-58-9813,5UXKR2C54E0451939
8888091089,Abram,Crosbie,391-61-9918,1N6AF0LX9FN871127
8888091090,Vladamir,Malt,790-19-6272,1GD312CG8EF160500
8888091091,Suzette,Blodgett,476-61-4532,WA1LMBFE4DD879284
8888091092,Kaleena,Orrobin,750-55-2155,WAUSF78K79N579555
8888091093,Erwin,Knowlton,369-04-8090,WA1DGBFE9CD677731
8888091094,Lenee,Antoons,457-03-0394,5UXWX7C57EL499440
8888091095,Elston,Fransewich,194-68-4003,3D73Y3HLXAG216835
8888091096,Brooks,Loveless,687-07-8369,5J8TB4H33GL058319
8888091097,Bradney,Tretter,806-64-9632,WUADNAFG7AN341187
8888091098,Tally,Lacrouts,808-43-6288,WAUMFAFL7CA427503
8888091099,Laetitia,Urwin,589-86-7645,2FMDK3AK5CB144782
8888091100,Cam,Cardello,187-54-2851,4T3BK3BB1FU232498
8888091101,Hilario,Whitnall,419-60-3821,KMHHT6KD6EU681337
8888091102,Ario,Goforth,200-45-8186,WAUBF78E27A960390
8888091103,Onida,Springle,546-53-7863,WAUHFAFLXCN640889
8888091104,Filip,Baudasso,572-02-6279,WAUEF98E76A721974
8888091105,Jarid,Guidini,243-30-2011,1G6DC1E34D0586874
8888091106,Orrin,Eagles,257-49-8323,5FRYD4H48EB405276
8888091107,Clement,Eldridge,356-52-8657,2G61U5S30D9294446
8888091108,Waring,Zapater,169-70-2065,1N6AD0CU6EN502140
8888091109,Helsa,Goodanew,801-19-4314,WAUDC68D21A525475
8888091110,Augie,Angeli,314-15-6796,WAUDH78EX8A420189
8888091111,Armstrong,Vasilevich,551-36-2808,1GYS4BKJ3FR331376
8888091112,Cathrin,de Broke,669-22-5474,WBS3R9C5XFK382736
8888091113,Pedro,Youster,470-55-8099,5N1AT2MK3FC387021
8888091114,Obediah,Pieroni,610-81-8109,3D73Y4CL3BG762598
8888091115,Sullivan,Neeves,775-42-6378,KMHCT4AE3EU589367
8888091116,Yves,Kaaskooper,283-07-7972,KNADM5A34F6154063
8888091117,Gage,Petrenko,109-61-9099,2G4GR5EKXC9087388
8888091118,Pauly,Posnett,293-82-2633,1FTFW1E88AK540325
8888091119,Jorge,Oret,584-85-7759,1G4HJ5EM6AU977772
8888091120,Ezequiel,Musslewhite,197-69-3096,KMHTC6AD3EU311975
8888091121,Johanna,Maywood,101-63-9696,JM1NC2MF1E0920668
8888091122,Tanhya,Bartaloni,655-65-8129,YV1902FH3D1811463
8888091123,Perrine,Rathborne,279-03-1711,1D7RB1CT9AS537748
8888091124,Gerrard,McCaghan,582-51-9119,19UUA66288A691571
8888091125,Faun,Popham,472-06-2802,JH4CL96976C127350
8888091126,Cloris,Bischop,689-17-5720,YV4612HM4F1046781
8888091127,Eli,Gallamore,890-05-2742,5TDDK3DC3FS760186
8888091128,Brocky,Jolliss,859-07-7394,YV1672MK7B2235395
8888091129,Jannelle,Mineghelli,698-92-0876,JH4CW2H59DC757764
8888091130,Harbert,Dovey,583-39-3437,1GYUKHEF3AR824153
8888091131,Rodolph,Coombes,630-52-3964,TRUWT28N641885016
8888091132,Barr,Poleye,350-64-9344,JN8AE2KP9D9210713
8888091133,Lydia,Biesinger,333-10-4902,WAUCFAFR6BA881868
8888091134,Forrester,Phythien,144-06-1803,JH4DC53875S075795
8888091135,Sigfrid,Laurenceau,704-05-0019,5LMCJ1A91FU089567
8888091136,Barry,Robbel,229-69-1047,SALWR2TF5FA355012
8888091137,Noni,Bollans,576-29-2974,WAUGGBFC1CN040812
8888091138,Letitia,Dancer,431-95-1371,WAUBF78K59N605943
8888091139,Patrice,Brombell,610-07-5969,1G6DP1E3XD0828149
8888091140,Tab,Noni,540-05-9114,3GYFNEE3XCS351016
8888091141,Wade,Charters,695-53-1905,1N6BF0KL4FN881261
8888091142,Dorthy,Neward,764-42-9547,WAUDFAFL7BN534915
8888091143,Conny,Reneke,652-03-1681,1N6AF0LY0EN927043
8888091144,Bettine,Scapelhorn,855-86-2244,2G4GX5GV1B9126509
8888091145,Fair,Troughton,838-51-0032,2FMGK5CC6AB492246
8888091146,Lindsay,Paniman,356-66-8893,3FADP4AJ5CM400140
8888091147,Brody,Gaffney,325-56-8609,3FADP4AJ0FM837080
8888091148,Hetty,Hamsson,729-85-6878,2T1KU4EE5BC472986
8888091149,Shaina,Burns,448-39-8160,5GAKRBKD9DJ755420
8888091150,Ingmar,McWilliams,788-35-9903,5N1BA0ND4FN348019
8888091151,Marja,Saffill,232-28-1944,WA1LMBFE1DD053735
8888091152,Alexandre,Dunniom,263-70-5386,1FTNF1E84AK456272
8888091153,Tiena,Mish,872-78-2588,JTDJTUD3XDD327320
8888091154,Maxy,Cripin,770-18-2335,1YVHZ8BH2B5954498
8888091155,Averil,Duffit,471-12-4153,WBAVD13596K056746
8888091156,Upton,Gotts,172-82-0321,3VWML7AJ4EM780319
8888091157,Veriee,Cowdray,106-26-0348,WAUML54B02N248530
8888091158,Bliss,Peacher,768-97-7400,WBAYM1C50DD146124
8888091159,Rowney,Derby,866-45-8505,WBAVB33576P198078
8888091160,Viola,Ovid,644-85-3803,1GYS4KEF4ER812114
8888091161,Lyndsey,Pitkeathly,198-10-1786,1G4GC5GR6DF562331
8888091162,Joly,Pelzer,709-34-0790,1G6YX36D875500515
8888091163,Vinnie,Newcomb,855-20-1151,SCBZB25E32C145491
8888091164,Raynard,Lamprey,204-10-6264,2T1KU4EE6CC974634
8888091165,Aloysius,Butterly,304-15-1262,1N6AD0CU3EN964932
8888091166,Kathryn,Steutly,835-64-7898,SCFFDABE9AG973174
8888091167,Malena,Westover,103-78-2483,WBAVD335X6K128713
8888091168,Betsy,Flanigan,597-02-1040,5TDBM5G15BS180536
8888091169,Anselm,Fermor,752-05-1746,WP0AB2A92FS093110
8888091170,Les,Kennion,454-13-3427,WBAXG5C55DD451743
8888091171,Evaleen,Collingdon,844-24-5123,1VWAS7A30FC279910
8888091172,Dirk,Kees,358-15-2245,1FBNE3BL2AD666224
8888091173,Neala,Stirrip,219-30-4303,2C4RRGAG5DR008561
8888091174,Bucky,Chartman,365-17-5274,WBAKB4C57CC837488
8888091175,Caril,Astill,171-42-0721,1G6AB5R39D0338661
8888091176,Emelita,Kulic,467-01-8184,WAUDH68D41A972391
8888091177,Luther,Croisier,664-14-9560,1C3CC5FB4AN287653
8888091178,Marlin,Demsey,582-47-0368,5FPYK1F25AB840085
8888091179,Nelle,McAllen,717-68-7777,1FTEX1C8XAK335519
8888091180,Orel,Maffioletti,157-81-0845,JN1CV6AP6AM737049
8888091181,Lise,Whilde,742-30-6457,1N6AF0LY7FN409299
8888091182,Harriott,Betser,229-98-5678,1N6AF0KY4FN811590
8888091183,Dorothee,Rainsden,783-33-0986,1HGCR6F37FA143944
8888091184,Ingar,Kenworth,381-12-7821,1HGCP2F37AA408675
8888091185,Gun,Dowsey,336-41-0067,3VWKZ7AJ9BM371136
8888091186,Joete,Acum,866-88-4244,WAUXU54B52N599282
8888091187,Jany,Dwane,606-74-7510,KNAGM4AD7B5617765
8888091188,Saba,Krochmann,885-41-3650,WAUEG78E26A337926
8888091189,Noreen,Cheevers,532-61-0327,1FTNX2A55AE833284
8888091190,Tristam,Longfut,130-04-7330,WA1WMAFE6AD279188
8888091191,Chuck,Toy,457-53-4638,WVGAV3AX7DW663423
8888091192,Donica,Dawby,579-55-8310,SCFFDCCD2CG209641
8888091193,Marji,Somerlie,714-26-9372,1G4HP52K54U149606
8888091194,Farra,Stubbes,824-43-8913,5UXZV4C50CL729818
8888091195,Thorn,Wahlberg,205-95-3940,3C6TD4CT5CG181490
8888091196,Iosep,Dawby,431-67-4142,4A31K5DF1BE391737
8888091197,Christy,Chowne,841-79-6720,WAUJC68EX4A350621
8888091198,Grethel,Hedworth,300-70-4659,1G6DN8EV5A0119253
8888091199,Dolley,McJarrow,571-91-9674,1N4CL2AP0AC451687
8888091200,Amerigo,Eliaz,434-28-8283,1G6AD5S32E0667661
8888091201,Cleopatra,Enocksson,473-67-9116,WAUTFAFH9CN671671
8888091202,Coraline,Giannini,447-45-7626,1G6KD57Y18U934195
8888091203,Cheryl,Pattesall,392-13-0582,WVGAV7AXXAW647316
8888091204,Baxy,d' Eye,751-40-7411,JH4CU2E61AC139451
8888091205,Joice,Bennetto,656-74-0314,1G6DK8EV3A0481106
8888091206,Eddie,Lehr,284-86-7353,WBAFV3C55ED035439
8888091207,Shell,Freen,719-67-9791,WBA3A5C59CF767780
8888091208,Ana,Geraudy,343-53-0033,5GADT13S062128555
8888091209,Izak,Ramsay,660-41-1325,WA1YD54B44N214329
8888091210,Celinka,Iles,511-49-1970,5J6TF1H56DL362544
8888091211,Estrellita,Rene,857-79-1195,WAUEH94F97N122190
8888091212,Zacharias,Knaggs,871-77-2948,3LNDL2L32BR299628
8888091213,Jessamine,Zelner,485-55-9244,5J8TB3H32GL139290
8888091214,Candy,Hopkynson,472-85-6565,2G4G15GV0B9538440
8888091215,Linda,Crone,690-91-8757,2HNYD28289H518627
8888091216,Travis,Inett,524-81-3194,1G4HR54K944011641
8888091217,Stepha,Poel,562-09-5828,5TDDK3DC4FS838362
8888091218,Orelle,Tabner,429-98-2688,WDDEJ7GB1CA940539
8888091219,Calypso,Tomich,614-38-2905,1G6KE54Y52U134881
8888091220,Bald,Gosnold,532-82-6690,WAULH54B51N001483
8888091221,Misty,Dufore,496-65-5537,WAULV44E17N602668
8888091222,Claudio,Vanyukhin,582-95-7312,JTJBM7FX5F5053053
8888091223,Marketa,Outridge,527-82-9525,WVGEF9BPXFD738341
8888091224,Colleen,Chinge de Hals,285-83-8770,JN8AZ1MU9DW978761
8888091225,Glad,Hedman,693-84-5986,WBA5B3C58FD509311
8888091226,Carlin,Oldrey,789-89-1734,JTHBP5C20D5488498
8888091227,Prinz,Rothschild,720-43-4291,WAULT58E45A445597
8888091228,Silvanus,Gristwood,141-94-4050,1FTEW1E83AK235939
8888091229,Tadeo,Botly,599-28-2370,WVWAA7AH9AV490456
8888091230,Lynne,Yepiskopov,823-03-9113,SCBCR73W88C978867
8888091231,Hertha,Blacksell,168-30-1991,1GD022CG8CZ666484
8888091232,Elsworth,Skerme,237-86-9360,WBALW7C59CC353722
8888091233,Marylinda,O'Gormally,503-51-4035,WAUDG74F45N897089
8888091234,Loleta,Buckthorp,479-09-3070,WBAUC7C57AV334570
8888091235,Marne,Kinchlea,780-56-9789,WBAYB6C53DD217772
8888091236,Faulkner,Aspy,319-32-1595,WAUDFAFL8DN368861
8888091237,Conant,Schlagtmans,890-99-8752,1FMNE1BW7AD646055
8888091238,Amalita,Looks,543-07-3504,JA32X8HW3AU253981
8888091239,Bobby,Kyle,863-31-8788,19VDE1F33EE307759
8888091240,Calla,Colloby,637-52-1611,WAUPFAFM9BA771273
8888091241,Alaric,Shorie,747-44-4767,WBAEK134X6C894758
8888091242,Royal,Voyce,335-97-6316,1GKUKGEJ8AR729094
8888091243,Eduino,Bordis,156-72-2494,5FRYD3H23EB438727
8888091244,Loise,Simkiss,416-64-8600,2G4WB55K831690614
8888091245,Ernst,Shearmer,691-19-1105,2G4WD582861005084
8888091246,Thekla,Swinfen,646-70-6450,3C63D3JL8CG644932
8888091247,Caty,Buxsey,302-83-5439,WA1VMBFE2CD159151
8888091248,Wini,Imms,202-50-6169,5N1AA0ND3FN268609
8888091249,Tammara,Ferrino,875-28-8138,WBSBR93483P170256
8888091250,Andrei,Sunshine,726-58-0305,WA1BV94L88D085722
8888091251,Corene,Savatier,422-57-8250,JN1CV6FE3BM928209
8888091252,Herrick,Bienvenu,536-13-2972,3VW517AT2FM753116
8888091253,Valerye,Parradice,826-36-6426,3VW1K7AJ9BM009856
8888091254,Sabine,Ridsdole,336-60-3401,3FAHP0JA7AR793343
8888091255,Iolanthe,Kevis,789-32-7434,WAUBFAFLXFA697188
8888091256,Hart,Antonowicz,313-82-6059,WBA3A9G5XEN880695
8888091257,Elli,Frenchum,593-65-0515,1G4GJ5G36CF091149
8888091258,Anette,Bedome,797-72-2975,SALCR2BG0FH901428
8888091259,Sara,Hovel,493-47-5223,1J4PR4GK7AC635357
8888091260,Selma,Hafner,354-57-5155,WVWAN7AN2EE375004
8888091261,Benito,Daniello,416-62-0506,1N6AA0CA9DN170062
8888091262,Scotty,Berni,275-87-5483,WBAWB73597P217145
8888091263,Stephen,Lowres,881-56-1691,WBAEV33423K051402
8888091264,Tommie,Castells,105-94-7637,KM8JT3AB9BU603226
8888091265,Trixy,Oughtright,147-78-2559,WAUTFAFH3DN303844
8888091266,Butch,Exroll,706-20-1110,JTEBU5JR6B5175040
8888091267,Greer,Hadcock,637-80-3331,JTHBE5C2XD5157000
8888091268,Natasha,Ramelot,376-26-1486,KNAFT4A25A5175533
8888091269,Teddy,Regglar,450-12-5055,1GYS3JEF8DR623266
8888091270,Audrie,Wylder,472-52-9983,TRURD38J391898357
8888091271,Robby,Le Surf,484-03-3782,WAUNF78P48A792784
8888091272,Cal,Allawy,356-57-8774,WBABN53421J791646
8888091273,Tawnya,Cheer,238-49-6050,5TDBW5G16AS927988
8888091274,Jacklyn,Banker,894-90-5899,3C6JD6EP6CG597048
8888091275,Ignacio,Kenan,642-01-5752,2B3CA8CT6AH792667
8888091276,Kelli,Cuberley,752-60-1750,1N6AD0CU8DN642494
8888091277,Bobette,Korneichuk,349-27-1035,1FTSF3A50AE323078
8888091278,Flem,Cheer,485-70-2358,5N1AT2ML5EC036148
8888091279,Rudyard,Whereat,681-78-9695,WAUAFAFL2CA017873
8888091280,Glenn,Angelo,813-68-7937,1GKS2GEJ0CR904464
8888091281,Garland,Cavy,652-14-8765,WAULV44E87N227829
8888091282,Hilde,Breinlein,611-30-7390,WBAYB6C59FG845790
8888091283,Hunter,Riha,350-05-9709,5J8TB4H30GL902851
8888091284,Jenna,Cowton,460-85-1699,WDDHH8JBXFB182707
8888091285,Gus,Bellew,585-15-7321,WBAVM1C58EV732908
8888091286,Pavia,Petruska,460-11-5159,1D7RV1CT9AS499073
8888091287,Goddart,Carlett,185-34-2820,JN1AV7AP6FM663216
8888091288,Mallissa,Gluyus,505-91-0739,JH4CL95887C808496
8888091289,Katrina,Huffadine,784-02-0413,JN1AZ4EH2DM010255
8888091290,Savina,Pritty,493-74-1704,2G61S5S35D9139641
8888091291,Odilia,Monnelly,100-97-9319,1GYEE437790477751
8888091292,Naoma,Gobert,788-70-6367,WAUML64B44N421927
8888091293,Arleta,Pinock,118-23-6876,3D73M3HL7BG325508
8888091294,Appolonia,Murrow,857-76-1377,WDDLJ6HB1FA530859
8888091295,Renard,Hutt,748-69-4005,WBA3N3C59FF599149
8888091296,Caesar,Rudge,646-93-2954,5UXKS4C55F0685475
8888091297,Lindsey,Erangy,714-79-5364,5GAKVBED8BJ042870
8888091298,Amory,Cavill,267-49-1687,WAU3GAFRXDA450756
8888091299,Therese,Smalridge,869-17-6431,WBALW3C52DC039534
8888091300,Anallese,Tunnock,338-15-6556,JM1NC2JF2F0352940
8888091301,Honor,Stapford,771-17-6690,3TMJU4GN5CM153587
8888091302,Asa,Stuckey,565-18-6083,3D7TP2CT0BG539846
8888091303,Carlotta,Crilly,407-70-0560,5N1AA0NC1EN867692
8888091304,Claresta,Kees,849-96-5680,3C6JD7BP8CG290572
8888091305,Sula,Metzke,615-49-3303,KMHCM3AC9AU347067
8888091306,Constancy,Giacomuzzo,592-08-3570,1G6DL1ED5B0643315
8888091307,Paco,Shaplin,815-29-1872,1G6DG8EY7B0791286
8888091308,Milty,Carletti,357-46-8683,3VW467AT0DM541566
8888091309,Giuseppe,Dobrowski,513-05-9416,WAUUL98E66A720190
8888091310,Margaux,Maybery,762-74-0868,3GYFNKE40AS950852
8888091311,Ina,Havelin,397-20-6693,YV4952BZ4E1024977
8888091312,Tracy,Kibel,728-47-3050,3C4PDCGB9FT958576
8888091313,Yovonnda,Lesmonde,853-06-7171,2C3CDXGJ6EH992547
8888091314,Babb,Mattingly,387-75-8075,1G6AC1R37F0404892
8888091315,Claude,Muxworthy,606-04-4561,3C4PDCDG1ET242544
8888091316,Rabi,Maso,654-86-0689,1G6DP8E33D0042184
8888091317,Alane,Aish,462-89-7043,JH4KB16647C228983
8888091318,Tootsie,Lorman,552-57-4435,JTDZN3EU0E3199000
8888091319,Barny,Diloway,710-20-1625,JH4DC53823C451004
8888091320,Cassy,Lorinez,438-09-4495,5GAKRCED7CJ908456
8888091321,Rae,Mazzilli,722-26-8687,5N1AR1NBXAC138442
8888091322,Gavra,Vegas,665-29-7744,JN1AZ4EH4AM543364
8888091323,Brianna,Milch,698-41-8102,SCBET9ZA4FC820055
8888091324,Andris,Macquire,749-70-6984,1G6DC1E31C0997504
8888091325,Hank,Fazan,745-44-3824,JTDZN3EU8E3194286
8888091326,Sigfrid,Kiebes,805-21-0800,4T1BF1FK7DU140014
8888091327,Anjanette,Northin,288-13-2232,WAUDK78T28A974312
8888091328,Leslie,Fearneley,195-10-5074,5TFCW5F17CX190187
8888091329,Clyde,Dahmke,184-47-1426,JN1CV6FE2EM933423
8888091330,Truda,Orred,783-59-5434,2C3CDXEJ0DH572171
8888091331,Jerrie,Snasdell,431-02-5254,1G6AU5S80F0987381
8888091332,Morton,Steel,780-51-5319,WBAHN83568D160928
8888091333,Janaya,Prout,659-57-5676,KMHHT6KJ1FU949461
8888091334,Dede,Kingsnode,746-24-8168,WBADW7C52CE439351
8888091335,Nevile,Francioli,100-38-2519,1FTNF1E83AK978665
8888091336,Alvan,Beldan,805-23-9769,4F2CY0C73BK910957
8888091337,Bertrand,Firman,266-95-6189,ZHWGU5BR0EL573778
8888091338,Leon,Bowker,823-27-4628,1VWAP7A3XEC607673
8888091339,Bree,Beushaw,316-57-4471,WA1CGBFE1BD671190
8888091340,Roley,Dorking,748-64-2364,2LMHJ5AT6CB650833
8888091341,Reid,Helks,197-09-7261,WAUMK98K49A785424
8888091342,Mord,Petrovsky,296-64-4279,1FTEX1CM8DK019439
8888091343,Janeen,Syce,623-26-7821,KNDJN2A27E7984652
8888091344,Goraud,Aisthorpe,668-47-5978,WAUVC58E65A506179
8888091345,Debi,Peery,711-99-6201,1C3CDFCB5FD949468
8888091346,Nahum,Spiteri,381-57-9909,3GYFNGE31CS190874
8888091347,Westleigh,Farfoot,124-06-0254,WBANV1C57AB101446
8888091348,Mattheus,Snoad,374-04-6571,JN8AF5MR5BT852200
8888091349,Annmarie,Piotrkowski,280-82-6506,WBA3A5G55EN978266
8888091350,Gilli,Collick,387-51-4262,1C4AJWAG6EL513632
8888091351,Warde,Ulster,479-75-1499,5TDDK3DC7DS097282
8888091352,Stearne,Volant,890-12-9960,WBA4B1C5XFG403585
8888091353,Pierre,Garrett,812-98-3039,5N1AN0NW7FN695362
8888091354,Normand,Bunkle,270-82-7422,1GD22XEG2FZ695003
8888091355,Billy,Polino,887-43-4085,3C4PDCDG0ET777509
8888091356,Lorie,Dictus,273-54-5822,WP0CA2A88FS103867
8888091357,Joelie,O'Hartagan,889-68-2690,KNAFT4A24C5331161
8888091358,Corby,Coulthurst,723-85-1237,WBAVM5C50DV794812
8888091359,Marga,holmes,689-18-7486,2HNYD18856H057249
8888091360,Antons,Blything,563-38-8141,JA32U1FU4CU028389
8888091361,Constantine,Rasher,552-64-4142,WBSDX9C52CE274082
8888091362,Tresa,Layburn,599-92-3345,JH4DC23911S472131
8888091363,Caldwell,Dawltrey,828-03-6519,WP0AB2A80CS588215
8888091364,Grethel,Edden,877-55-3234,WBABD53445P235070
8888091365,Rhianon,Bragge,372-86-0373,WP0CA2A84DS899224
8888091366,Stacee,Sherwood,281-68-1552,1C3CDZBG5DN237001
8888091367,Sileas,Audibert,597-22-3314,5N1AN0NW5FN428897
8888091368,Catina,Earp,807-54-5544,5N1AA0NC0AN626118
8888091369,Camilla,Beckinsale,688-07-7591,JTDZN3EU7FJ137672
8888091370,Adina,Kasbye,680-68-8298,2C3CDXBGXFH022276
8888091371,Lanita,Vasyutochkin,270-59-8217,1GYFC66818R126001
8888091372,Nicolea,De Bruyn,103-57-0108,WBAVA33508P289733
8888091373,Jodi,Drexel,381-96-8811,1GKS1HE03DR617492
8888091374,Garrik,Enoksson,408-53-8476,2B3CA7CW2AH033292
8888091375,Romain,Falla,623-13-0968,5FRYD3H81FB938357
8888091376,Clementia,Baddoe,700-65-1836,3C3CFFDRXDT367685
8888091377,Phoebe,Tatershall,367-67-8322,4A31K5DF2AE744338
8888091378,Imojean,Jansema,370-25-1649,WVGAV7AX4BW219212
8888091379,Codi,Moizer,805-49-1376,3VWML7AJ4EM189973
8888091380,Zared,Leeman,750-30-4126,WBADT33461G580823
8888091381,Ezmeralda,Giorgione,246-51-3520,WBADR63483G151895
8888091382,Cindie,Mosdill,607-55-7198,NM0KS9BN0CT040076
8888091383,Harcourt,Eich,131-80-4950,3C3CFFFH0ET474637
8888091384,Jerrie,Edwick,625-48-1131,1N4AA5AP5AC159239
8888091385,Flossy,Yo,765-28-4292,1G6AM5S38D0466491
8888091386,Lexy,Sheward,767-14-9736,WA1EV74LX8D096612
8888091387,Matti,Steptowe,562-89-9811,WBAWB7C57AP487577
8888091388,Chelsie,Mackison,595-96-9846,JHMZF1C47DS869567
8888091389,Britte,Conibere,363-89-1964,WBA6B4C5XED012348
8888091390,Clare,Trodd,842-52-1444,1FMJU1G54AE733228
8888091391,Neall,Tankin,619-36-6608,3FAHP0JA0AR204133
8888091392,Eran,Eton,108-97-4227,5N1AR2MM6EC726921
8888091393,Claude,Petris,258-82-6923,JN1AZ4EH6CM636048
8888091394,Tate,Crowche,656-10-8213,KMHHT6KD4AU529552
8888091395,Melessa,Gorbell,799-88-7250,1G4CU541844881123
8888091396,Farand,Bayfield,246-17-8538,3VW467AT3CM443422
8888091397,Mirabel,Takis,111-84-3784,19UUA9F56CA995583
8888091398,Kennett,Henric,514-16-2332,WAUMF98P66A937456
8888091399,Flss,Imlach,551-16-4015,JN8AZ2KRXDT940977
8888091400,Jory,Thurlby,354-36-6144,KNAFZ6A32F5305178
8888091401,Leon,Bedingfield,752-63-6307,1G6YX36D185339507
8888091402,Gamaliel,Whapham,232-32-3271,3VW117AU5FM529782
8888091403,Rayshell,Wallicker,242-46-9132,WAUGL98E96A414193
8888091404,Giacopo,Beardsworth,394-15-5698,1FTEX1CM7DF304965
8888091405,Isaiah,Gibbe,862-32-9584,JTDKN3DU6F0051987
8888091406,Elmo,d'Escoffier,303-16-9893,WA1LFAFP5EA920305
8888091407,Fernandina,Cokayne,588-72-9319,1D4PT4GX8BW143572
8888091408,Wait,Maxted,559-40-5905,JHMZE2H31ES162720
8888091409,Antonio,Scotchmoor,503-13-2313,1N6AA0ED9FN147035
8888091410,Farrand,Bricknell,853-09-9299,1FTEW1CM4DF608516
8888091411,Orelie,Shropsheir,584-66-4677,SCBFR7ZA3DC318710
8888091412,Jena,Lippard,715-44-3560,1GYS3RKJ7FR793953
8888091413,Wash,Nelmes,573-79-1657,1GYS4DEF3DR223582
8888091414,Abran,Hartopp,450-95-7426,WBAGL63524D088111
8888091415,Rhys,Fairholme,847-40-0048,SCFBB04BX7G929582
8888091416,Linoel,Bahde,281-20-4320,WBALM7C52DE713117
8888091417,Marylee,Casetta,786-62-2352,5TDBKRFH1ES815509
8888091418,Arnaldo,Flux,552-33-5152,5J8TB3H38EL847296
8888091419,Dur,Escreet,848-83-1747,WVGFG9BP3BD906770
8888091420,Ignacius,Long,332-58-0269,KNDPB3A25C7586264
8888091421,Roscoe,Scupham,567-60-9990,4JGDF2EE5EA093479
8888091422,Adamo,Roger,357-23-6490,2LMDJ6JC4AB333747
8888091423,Tally,Buckoke,587-46-6658,JN1CV6AP7DM608385
8888091424,Milena,Perfitt,826-33-2938,3VW1K7AJ9EM723510
8888091425,Richmond,Braunes,587-66-7246,2G61M5S38E9949678
8888091426,Rebbecca,Fidal,308-12-2707,19UUA66205A104131
8888091427,Rock,Furmedge,403-50-7759,TRUTC28N121334945
8888091428,Shena,MacKereth,190-67-2523,WAUFGAFC8FN242184
8888091429,Adolf,Seville,533-09-8828,JTHBE1BL9D5831740
8888091430,Collette,Feathersby,467-55-0618,2C3CK3CV7AH585984
8888091431,Dale,Whitehead,344-25-5574,WBSDX9C52CE541723
8888091432,Alvina,Radbourn,368-36-3547,1N6AA0CJ0FN950390
8888091433,Chandal,Canet,562-60-5629,JH4DC53076S375316
8888091434,Valli,Pods,434-82-4141,1FTEX1CM3CF489949
8888091435,Riannon,Catterell,403-79-9161,1VWAH7A3XEC102181
8888091436,Pascal,Pochet,276-77-8721,WBAPN7C56BA141181
8888091437,Jemie,Cornelis,697-34-2744,JN1CV6FEXDM971285
8888091438,Anthe,Malthus,885-47-6303,1G6DF8E54E0273987
8888091439,Lenna,Garfirth,107-29-5495,WAUXU54B32N689675
8888091440,Guilbert,Safell,274-17-5367,JM1GJ1U50F1843092
8888091441,Granger,Kowalski,119-69-5127,3D7LT2ET2BG270922
8888091442,Pia,Tawton,888-85-9596,3GYFNFE36CS819460
8888091443,Erroll,Bellee,375-26-5369,WAUCFAFR1CA094487
8888091444,Nero,Truett,339-35-3706,5TDBK3EH9CS838113
8888091445,Chaim,Browse,869-70-2084,WBAFZ9C58CC627038
8888091446,Drusie,Coarser,632-59-7476,1N6AF0LY7EN049031
8888091447,Shermy,Wadman,492-96-3694,WAUGGAFR6EA307242
8888091448,Imelda,Boot,244-49-4397,WAUFFAFM9AA656554
8888091449,Aeriela,Smaleman,589-17-3568,WVGEF9BP3ED521809
8888091450,Tiphany,Konmann,207-18-5748,WAUBG78EX6A434939
8888091451,Willyt,Freake,511-25-2828,3VW4A7AT8DM510516
8888091452,Mirna,Simione,242-28-4536,WBANU535X8B454784
8888091453,Garrik,Messingham,393-32-3937,WBASP2C55BC533189
8888091454,Josephine,Sivyer,169-65-9303,WBANV13549B206795
8888091455,Janka,Bartleet,362-73-5844,4T1BF3EKXAU671524
8888091456,Fae,Garms,104-11-5446,WAUKFAFL7BA150003
8888091457,Chiquita,Bransom,349-66-9823,WAU3GAFD5FN837456
8888091458,Vernen,Mifflin,543-20-3266,WAUJFAFH6DN739305
8888091459,Cordy,Grosier,663-50-5537,JTDZN3EU9FJ799799
8888091460,Dwight,Beasleigh,422-24-4142,2HNYD18262H804539
8888091461,Archambault,Fane,655-60-3634,WA1YD54B55N276033
8888091462,Zora,Van Daalen,768-98-6553,JN1BY1APXFM521573
8888091463,Genna,Scurfield,717-54-9878,SAJWA2EK6EM453134
8888091464,Ryon,Albrecht,165-74-4898,3C4PDCBB6DT034942
8888091465,Anastasie,Halwill,317-26-1829,WBSBL934X6P881592
8888091466,Traver,Lettice,145-05-7513,1GYFK26269R651175
8888091467,Rey,Garraway,203-85-0563,4USBU33576L813150
8888091468,Winfred,Lyness,843-52-7518,WA1BV94L17D859758
8888091469,Vallie,Tift,253-76-2671,WBAUC7C56AV062495
8888091470,Judah,Mussilli,259-96-8206,WA1BY74L79D262483
8888091471,Johanna,Pasterfield,278-31-0362,1G6DV5EP7E0177872
8888091472,Ricki,Girodon,161-45-4871,5UXFG8C53AL223157
8888091473,Rick,Uzelli,832-99-7299,2C3CDYCJ6CH570402
8888091474,Marysa,Laundon,354-13-6348,WAUFL54D31N139455
8888091475,Aimil,Biddwell,445-94-1459,KNDPB3A23C7167586
8888091476,Teodora,McGinty,599-55-0143,WA1MKAFP3AA595888
8888091477,Tiler,Hennemann,307-01-7337,1C4RDJDG1EC315260
8888091478,Kacie,Gooderridge,772-75-1022,1LNHL9DK6EG099735
8888091479,Isadora,Chadbourne,424-90-8750,5TDBY5G1XDS333869
8888091480,Benedicta,Pechacek,387-38-1782,WBAWR33577P124788
8888091481,Roanne,Potte,408-05-6712,WAURFAFR9EA666855
8888091482,Shaun,Bresnahan,739-75-5344,SCBGC3ZA8EC001411
8888091483,Millie,Couchman,617-96-8269,3VW217AU1FM130954
8888091484,Porter,Lill,609-27-0098,5FRYD3H86FB153705
8888091485,Dorian,Crowson,787-09-8922,1G6AF5SX7E0952885
8888091486,Nanine,Upshall,493-91-7117,1G6EC12972B324393
8888091487,Koo,Fearneley,747-60-4358,WA1AGBFE8CD469357
8888091488,Barnie,Hegg,767-87-7972,3C63DPHL6CG641380
8888091489,Danny,Pydcock,247-34-3485,WBAWV13547P220412
8888091490,Lois,Millom,835-69-5773,2C3CDXEJ6CH288400
8888091491,Bartlett,Lamburne,373-74-2381,1N4AA5AP5BC109880
8888091492,Dehlia,Strowger,614-46-1171,JHMZF1D60ES446444
8888091493,Alaine,Lofthouse,859-31-7983,WAUCFAFR2DA868800
8888091494,Reinold,Polly,314-17-0687,JH4DC53012C977469
8888091495,Rebe,Broadfoot,268-40-7563,WBAUT93579A297759
8888091496,Gaynor,Joule,721-16-8382,1G6DK5EY0B0053617
8888091497,Danyelle,Pincked,631-32-4414,JTJBC1BA0B2835709
8888091498,Crissie,Lewerenz,495-40-3658,2C3CA9CT0AH632504
8888091499,Nealon,Matthew,235-57-0188,1C4RDHDG2CC234323
8888091500,Udall,Coy,320-60-8311,2T1BU4EE6DC683097
8888091501,Kerk,Saundercock,562-18-0442,3GYFNDEY6BS206298
8888091502,Wilone,Jukubczak,651-61-9756,WP1AE2A29CL285202
8888091503,Launce,Tomczykowski,749-55-8917,5FNRL5H29EB437277
8888091504,Helenelizabeth,Druhan,196-82-5750,SCFAB42353K333155
8888091505,Loleta,Newham,182-94-2275,JH4DC53874S880663
8888091506,Duane,Baldelli,369-47-4152,WBA3B1C51F5661954
8888091507,Joyce,Goare,167-41-3896,3FAHP0DC6BR869164
8888091508,Janifer,Cahalan,220-81-8761,SCBCU8ZA8AC393552
8888091509,Wendye,Hulburt,675-01-0381,SCBET9ZA8FC351651
8888091510,Noll,Marzello,397-99-5944,JN1AZ4EH6FM487791
8888091511,Haily,McDunlevy,189-18-0900,1N6AA0EJ6FN032849
8888091512,Tyson,Cahillane,838-86-9829,1C3CCBCB4CN677349
8888091513,Marve,Spelwood,390-42-5030,JH4DC53813S484744
8888091514,Tabby,Ivell,198-72-2172,WA1MMAFE5AD642166
8888091515,Cate,Cottesford,158-61-6901,5N1AR2MM5DC240292
8888091516,Melosa,Khoter,188-90-7466,5TDBKRFH3ES307204
8888091517,Bradan,Prazor,272-05-2200,1FTWF3A58AE274780
8888091518,Stephie,Swalwell,495-51-0074,SCBDU3ZA1CC024994
8888091519,Nico,Nassey,693-37-7655,WBAYA6C56FG166241
8888091520,Wynne,Dinsey,339-74-0590,WAUVFAFH3AN624660
8888091521,Murray,Burndred,774-78-5654,YV1902FH6B2342621
8888091522,Lin,Lummus,220-74-2661,WBA3N9C59EF213959
8888091523,Derby,Heisham,801-62-5981,3C6TD4CT1CG352025
8888091524,Sidonnie,Hanigan,178-89-1221,1FADP5AUXEL983549
8888091525,Berky,Washbrook,264-89-6985,JTDKDTB35D1247973
8888091526,Nancie,Grewes,335-72-9079,1GYS3AEF1DR291588
8888091527,Natassia,Airth,798-89-0591,SCBGU3ZA8EC583961
8888091528,Lawton,Gronno,136-87-7527,NM0GE9F71F1616105
8888091529,Jane,Doerffer,589-82-1484,3C4PDCAB4FT856305
